Year,Expiry,CSV_Count,Days_Count,Start_Date,End_Date
2014,2014-01-30,12,35,2013-12-12,2014-01-30
2014,2014-02-26,20,32,2014-01-14,2014-02-26
2014,2014-03-27,21,31,2014-02-12,2014-03-27
2014,2014-04-24,18,34,2014-03-04,2014-04-23
2014,2014-05-29,32,58,2014-03-04,2014-05-29
2014,2014-06-26,20,51,2014-04-11,2014-06-26
2014,2014-07-31,22,33,2014-06-16,2014-07-31
2014,2014-08-28,22,38,2014-07-03,2014-08-27
2014,2014-09-25,22,49,2014-07-16,2014-09-25
2014,2014-10-30,22,47,2014-08-14,2014-10-29
2014,2014-11-27,20,43,2014-09-18,2014-11-27
2014,2014-12-24,22,49,2014-10-10,2014-12-24
2015,2015-01-29,28,54,2014-11-13,2015-01-29
2015,2015-02-26,34,50,2014-12-16,2015-02-26
2015,2015-03-26,26,46,2015-01-20,2015-03-26
2015,2015-04-30,24,51,2015-02-13,2015-04-30
2015,2015-05-28,28,49,2015-03-17,2015-05-28
2015,2015-06-25,26,34,2015-05-11,2015-06-25
2015,2015-07-30,24,56,2015-05-14,2015-07-30
2015,2015-08-27,30,51,2015-06-18,2015-08-27
2015,2015-09-24,30,33,2015-08-10,2015-09-24
2015,2015-10-29,30,32,2015-09-10,2015-10-29
2015,2015-11-26,38,31,2015-10-12,2015-11-26
2015,2015-12-31,32,32,2015-11-16,2015-12-31
2016,2016-01-28,34,32,2015-12-14,2016-01-28
2016,2016-02-25,30,31,2016-01-13,2016-02-25
2016,2016-03-31,32,33,2016-02-11,2016-03-31
2016,2016-04-28,26,31,2016-03-10,2016-04-28
2016,2016-05-26,30,31,2016-04-11,2016-05-26
2016,2016-06-30,26,31,2016-05-19,2016-06-30
2016,2016-07-28,40,31,2016-06-15,2016-07-28
2016,2016-08-25,32,31,2016-07-13,2016-08-25
2016,2016-09-29,38,31,2016-08-16,2016-09-29
2016,2016-10-27,35,31,2016-09-12,2016-10-27
2016,2016-11-24,41,31,2016-10-10,2016-11-24
2016,2016-12-29,49,56,2016-10-10,2016-12-29
2017,2017-01-25,34,31,2016-12-14,2017-01-25
2017,2017-02-23,32,20,2017-01-27,2017-02-23
2017,2017-03-30,26,31,2017-02-14,2017-03-30
2017,2017-04-27,36,31,2017-03-14,2017-04-27
2017,2017-05-25,22,31,2017-04-11,2017-05-25
2017,2017-06-29,22,31,2017-05-17,2017-06-29
2017,2017-07-27,38,31,2017-06-14,2017-07-27
2017,2017-08-31,26,31,2017-07-18,2017-08-31
2017,2017-09-28,28,31,2017-08-16,2017-09-28
2017,2017-10-26,42,31,2017-09-12,2017-10-26
2017,2017-11-30,30,31,2017-10-18,2017-11-30
2017,2017-12-28,26,31,2017-11-15,2017-12-28
2018,2018-02-22,50,31,2018-01-09,2018-02-22
2018,2018-03-28,58,62,2017-12-28,2018-03-28
2018,2018-04-26,40,31,2018-03-13,2018-04-26
2018,2018-05-31,39,31,2018-04-18,2018-05-31
2018,2018-06-28,43,31,2018-05-17,2018-06-28
2018,2018-07-26,30,31,2018-06-14,2018-07-26
2018,2018-08-30,41,31,2018-07-17,2018-08-30
2018,2018-09-27,46,31,2018-08-10,2018-09-27
2018,2018-10-25,66,31,2018-09-07,2018-10-25
2018,2018-11-29,42,31,2018-10-15,2018-11-29
2018,2018-12-27,50,31,2018-11-13,2018-12-27
2019,2019-01-31,50,31,2018-12-19,2019-01-31
2019,2019-02-14,34,4,2019-02-11,2019-02-14
2019,2019-02-21,31,9,2019-02-11,2019-02-21
2019,2019-02-28,42,31,2019-01-17,2019-02-28
2019,2019-03-07,32,11,2019-02-20,2019-03-07
2019,2019-03-14,40,11,2019-02-27,2019-03-14
2019,2019-03-20,44,12,2019-03-05,2019-03-20
2019,2019-03-28,66,31,2019-02-12,2019-03-28
2019,2019-04-04,34,11,2019-03-20,2019-04-04
2019,2019-04-11,26,12,2019-03-27,2019-04-11
2019,2019-04-18,22,11,2019-04-03,2019-04-18
2019,2019-04-25,42,31,2019-03-11,2019-04-25
2019,2019-05-02,26,9,2019-04-16,2019-05-02
2019,2019-05-09,34,12,2019-04-22,2019-05-09
2019,2019-05-16,41,13,2019-04-26,2019-05-16
2019,2019-05-23,42,16,2019-05-02,2019-05-23
2019,2019-05-30,46,40,2019-04-01,2019-05-30
2019,2019-06-06,30,11,2019-05-22,2019-06-06
2019,2019-06-13,26,11,2019-05-29,2019-06-13
2019,2019-06-20,30,11,2019-06-06,2019-06-20
2019,2019-06-27,49,40,2019-05-02,2019-06-27
2019,2019-07-04,22,12,2019-06-19,2019-07-04
2019,2019-07-11,30,12,2019-06-26,2019-07-11
2019,2019-07-18,30,12,2019-07-03,2019-07-18
2019,2019-07-25,50,43,2019-05-27,2019-07-25
2019,2019-08-01,38,14,2019-07-15,2019-08-01
2019,2019-08-09,53,14,2019-07-22,2019-08-08
2019,2019-08-14,42,12,2019-07-29,2019-08-14
2019,2019-08-22,41,14,2019-08-01,2019-08-22
2019,2019-08-29,68,42,2019-07-01,2019-08-29
2019,2019-09-05,42,12,2019-08-20,2019-09-05
2019,2019-09-12,39,12,2019-08-26,2019-09-12
2019,2019-09-19,40,17,2019-08-26,2019-09-19
2019,2019-09-26,62,40,2019-07-29,2019-09-26
2019,2019-10-03,61,17,2019-09-09,2019-10-03
2019,2019-10-10,49,12,2019-09-23,2019-10-10
2019,2019-10-24,42,15,2019-10-01,2019-10-24
2019,2019-10-31,65,39,2019-09-03,2019-10-31
2019,2019-11-07,34,12,2019-10-22,2019-11-07
2019,2019-11-14,34,12,2019-10-29,2019-11-14
2019,2019-11-21,26,13,2019-11-04,2019-11-21
2019,2019-11-28,69,38,2019-10-01,2019-11-28
2019,2019-12-05,38,14,2019-11-18,2019-12-05
2019,2019-12-12,38,14,2019-11-25,2019-12-12
2019,2019-12-19,32,16,2019-11-28,2019-12-19
2019,2019-12-26,54,45,2019-10-22,2019-12-26
2020,2020-01-02,82,15,2019-12-16,2020-01-02
2020,2020-01-09,97,20,2019-12-19,2020-01-09
2020,2020-01-16,90,21,2019-12-26,2020-01-16
2020,2020-01-23,92,19,2020-01-06,2020-01-23
2020,2020-01-30,130,21,2020-01-09,2020-01-30
2020,2020-02-06,110,21,2020-01-20,2020-02-06
2020,2020-02-13,96,17,2020-01-29,2020-02-13
2020,2020-02-20,83,20,2020-01-31,2020-02-20
2020,2020-02-27,137,17,2020-02-10,2020-02-27
2020,2020-03-05,132,20,2020-02-13,2020-03-05
2020,2020-03-12,159,17,2020-02-24,2020-03-12
2020,2020-03-19,217,18,2020-03-02,2020-03-19
2020,2020-03-26,295,18,2020-03-09,2020-03-26
2020,2020-04-01,171,15,2020-03-18,2020-04-01
2020,2020-04-09,181,7,2020-03-30,2020-04-09
2020,2020-04-16,163,13,2020-03-30,2020-04-16
2020,2020-04-23,151,17,2020-04-03,2020-04-23
2020,2020-04-30,222,18,2020-04-13,2020-04-30
2020,2020-05-07,138,17,2020-04-20,2020-05-07
2020,2020-05-14,119,5,2020-05-08,2020-05-14
2020,2020-05-16,99,13,2020-04-27,2020-05-14
2020,2020-05-21,126,17,2020-05-06,2020-05-21
2020,2020-05-28,195,17,2020-05-11,2020-05-28
2020,2020-06-04,135,18,2020-05-18,2020-06-04
2020,2020-06-11,122,18,2020-05-26,2020-06-11
2020,2020-06-18,131,19,2020-06-01,2020-06-18
2020,2020-06-25,217,19,2020-06-08,2020-06-25
2020,2020-07-02,127,19,2020-06-15,2020-07-02
2020,2020-07-09,121,19,2020-06-22,2020-07-09
2020,2020-07-16,113,18,2020-06-30,2020-07-16
2020,2020-07-23,131,19,2020-07-06,2020-07-23
2020,2020-07-30,178,19,2020-07-13,2020-07-30
2020,2020-08-06,126,19,2020-07-20,2020-08-06
2020,2020-08-13,120,19,2020-07-27,2020-08-13
2020,2020-08-20,120,19,2020-08-03,2020-08-20
2020,2020-08-27,163,19,2020-08-10,2020-08-27
2020,2020-09-03,134,19,2020-08-17,2020-09-03
2020,2020-09-10,142,21,2020-08-20,2020-09-10
2020,2020-09-17,136,18,2020-09-01,2020-09-17
2020,2020-09-24,197,19,2020-09-07,2020-09-24
2020,2020-10-01,122,19,2020-09-14,2020-10-01
2020,2020-10-08,130,17,2020-09-21,2020-10-08
2020,2020-10-15,143,18,2020-09-28,2020-10-15
2020,2020-10-22,145,19,2020-10-05,2020-10-22
2020,2020-10-29,154,19,2020-10-12,2020-10-29
2020,2020-11-05,166,19,2020-10-19,2020-11-05
2020,2020-11-12,165,21,2020-10-22,2020-11-12
2020,2020-11-19,149,20,2020-10-30,2020-11-19
2020,2020-11-26,197,21,2020-11-05,2020-11-26
2020,2020-12-03,164,22,2020-11-09,2020-12-03
2020,2020-12-10,166,25,2020-11-12,2020-12-10
2020,2020-12-17,165,24,2020-11-20,2020-12-17
2020,2020-12-24,173,27,2020-11-24,2020-12-24
2020,2020-12-31,226,19,2020-12-10,2020-12-31
2021,2021-01-07,176,5,2021-01-01,2021-01-07
2021,2021-01-14,174,5,2021-01-08,2021-01-14
2021,2021-01-21,165,5,2021-01-15,2021-01-21
2021,2021-01-28,213,65,2020-11-02,2021-01-28
2021,2021-02-04,177,5,2021-01-29,2021-02-04
2021,2021-02-11,168,5,2021-02-05,2021-02-11
2021,2021-02-18,171,5,2021-02-12,2021-02-18
2021,2021-02-25,211,48,2020-12-28,2021-02-25
2021,2021-03-04,160,5,2021-02-26,2021-03-04
2021,2021-03-10,151,4,2021-03-05,2021-03-10
2021,2021-03-18,157,5,2021-03-12,2021-03-18
2021,2021-03-25,202,67,2020-12-28,2021-03-25
2021,2021-04-01,167,4,2021-03-26,2021-04-01
2021,2021-04-08,154,4,2021-04-05,2021-04-08
2021,2021-04-15,152,4,2021-04-09,2021-04-15
2021,2021-04-22,142,4,2021-04-16,2021-04-22
2021,2021-04-29,185,5,2021-04-23,2021-04-29
2021,2021-05-06,144,5,2021-04-30,2021-05-06
2021,2021-05-12,132,4,2021-05-07,2021-05-12
2021,2021-05-20,134,5,2021-05-14,2021-05-20
2021,2021-05-27,154,5,2021-05-21,2021-05-27
2021,2021-06-03,150,5,2021-05-28,2021-06-03
2021,2021-06-10,153,5,2021-06-04,2021-06-10
2021,2021-06-17,156,5,2021-06-11,2021-06-17
2021,2021-06-24,223,5,2021-06-18,2021-06-24
2021,2021-07-01,153,5,2021-06-25,2021-07-01
2021,2021-07-08,144,5,2021-07-02,2021-07-08
2021,2021-07-15,143,5,2021-07-09,2021-07-15
2021,2021-07-22,138,4,2021-07-16,2021-07-22
2021,2021-07-29,169,5,2021-07-23,2021-07-29
2021,2021-08-05,146,5,2021-07-30,2021-08-05
2021,2021-08-12,138,5,2021-08-06,2021-08-12
2021,2021-08-18,151,4,2021-08-13,2021-08-18
2021,2021-08-26,163,5,2021-08-20,2021-08-26
2021,2021-09-02,156,5,2021-08-27,2021-09-02
2021,2021-09-09,163,5,2021-09-03,2021-09-09
2021,2021-09-16,157,4,2021-09-13,2021-09-16
2021,2021-09-23,180,5,2021-09-17,2021-09-23
2021,2021-09-30,211,5,2021-09-24,2021-09-30
2021,2021-10-07,164,5,2021-10-01,2021-10-07
2021,2021-10-14,178,5,2021-10-08,2021-10-14
2021,2021-10-21,183,4,2021-10-18,2021-10-21
2021,2021-10-28,210,5,2021-10-22,2021-10-28
2021,2021-11-03,162,4,2021-10-29,2021-11-03
2021,2021-11-11,162,5,2021-11-04,2021-11-11
2021,2021-11-18,163,5,2021-11-12,2021-11-18
2021,2021-11-25,192,4,2021-11-22,2021-11-25
2021,2021-12-02,180,5,2021-11-26,2021-12-02
2021,2021-12-09,179,5,2021-12-03,2021-12-09
2021,2021-12-16,178,5,2021-12-10,2021-12-16
2021,2021-12-23,176,5,2021-12-17,2021-12-23
2021,2021-12-30,240,5,2021-12-24,2021-12-30
2022,2022-01-06,173,5,2021-12-31,2022-01-06
2022,2022-01-13,165,5,2022-01-07,2022-01-13
2022,2022-01-20,179,5,2022-01-14,2022-01-20
2022,2022-01-27,186,4,2022-01-21,2022-01-27
2022,2022-02-03,176,5,2022-01-28,2022-02-03
2022,2022-02-10,185,5,2022-02-04,2022-02-10
2022,2022-02-17,186,5,2022-02-11,2022-02-17
2022,2022-02-24,186,5,2022-02-18,2022-02-24
2022,2022-03-03,191,4,2022-02-25,2022-03-03
2022,2022-03-10,207,5,2022-03-04,2022-03-10
2022,2022-03-17,216,5,2022-03-11,2022-03-17
2022,2022-03-24,193,4,2022-03-21,2022-03-24
2022,2022-03-31,224,5,2022-03-25,2022-03-31
2022,2022-04-07,205,5,2022-04-01,2022-04-07
2022,2022-04-13,198,4,2022-04-08,2022-04-13
2022,2022-04-21,204,4,2022-04-18,2022-04-21
2022,2022-04-28,200,5,2022-04-22,2022-04-28
2022,2022-05-05,194,4,2022-04-29,2022-05-05
2022,2022-05-12,187,5,2022-05-06,2022-05-12
2022,2022-05-19,198,5,2022-05-13,2022-05-19
2022,2022-05-26,207,5,2022-05-20,2022-05-26
2022,2022-06-02,206,5,2022-05-27,2022-06-02
2022,2022-06-09,202,5,2022-06-03,2022-06-09
2022,2022-06-16,183,5,2022-06-10,2022-06-16
2022,2022-06-23,191,5,2022-06-17,2022-06-23
2022,2022-06-30,264,5,2022-06-24,2022-06-30
2022,2022-07-07,161,5,2022-07-01,2022-07-07
2022,2022-07-14,148,5,2022-07-08,2022-07-14
2022,2022-07-21,150,5,2022-07-15,2022-07-21
2022,2022-07-28,200,5,2022-07-22,2022-07-28
2022,2022-08-04,176,5,2022-07-29,2022-08-04
2022,2022-08-11,178,4,2022-08-05,2022-08-11
2022,2022-08-18,190,4,2022-08-12,2022-08-18
2022,2022-08-25,207,5,2022-08-19,2022-08-25
2022,2022-09-01,179,4,2022-08-26,2022-09-01
2022,2022-09-08,170,5,2022-09-02,2022-09-08
2022,2022-09-15,177,5,2022-09-09,2022-09-15
2022,2022-09-22,179,5,2022-09-16,2022-09-22
2022,2022-09-29,220,5,2022-09-23,2022-09-29
2022,2022-10-06,196,4,2022-09-30,2022-10-06
2022,2022-10-13,181,5,2022-10-07,2022-10-13
2022,2022-10-20,172,5,2022-10-14,2022-10-20
2022,2022-10-27,209,4,2022-10-21,2022-10-27
2022,2022-11-03,171,5,2022-10-28,2022-11-03
2022,2022-11-10,171,4,2022-11-04,2022-11-10
2022,2022-11-17,167,5,2022-11-11,2022-11-17
2022,2022-11-24,199,5,2022-11-18,2022-11-24
2022,2022-12-01,183,5,2022-11-25,2022-12-01
2022,2022-12-08,181,5,2022-12-02,2022-12-08
2022,2022-12-15,183,5,2022-12-09,2022-12-15
2022,2022-12-22,183,5,2022-12-16,2022-12-22
2022,2022-12-29,238,5,2022-12-23,2022-12-29
2023,2023-01-05,185,5,2022-12-30,2023-01-05
2023,2023-01-12,142,5,2023-01-06,2023-01-12
2023,2023-01-19,151,5,2023-01-13,2023-01-19
2023,2023-01-25,205,4,2023-01-20,2023-01-25
2023,2023-02-02,160,5,2023-01-27,2023-02-02
2023,2023-02-09,140,5,2023-02-03,2023-02-09
2023,2023-02-16,129,5,2023-02-10,2023-02-16
2023,2023-02-23,158,5,2023-02-17,2023-02-23
2023,2023-03-02,140,5,2023-02-24,2023-03-02
2023,2023-03-09,152,4,2023-03-03,2023-03-09
2023,2023-03-16,151,5,2023-03-10,2023-03-16
2023,2023-03-23,145,5,2023-03-17,2023-03-23
2023,2023-03-29,182,4,2023-03-24,2023-03-29
2023,2023-04-06,141,4,2023-03-31,2023-04-06
2023,2023-04-13,133,4,2023-04-10,2023-04-13
2023,2023-04-20,133,4,2023-04-17,2023-04-20
2023,2023-04-27,155,5,2023-04-21,2023-04-27
2023,2023-05-04,145,4,2023-04-28,2023-05-04
2023,2023-05-11,136,5,2023-05-05,2023-05-11
2023,2023-05-18,138,5,2023-05-12,2023-05-18
2023,2023-05-25,173,5,2023-05-19,2023-05-25
2023,2023-06-01,147,5,2023-05-26,2023-06-01
2023,2023-06-08,138,5,2023-06-02,2023-06-08
2023,2023-06-15,131,5,2023-06-09,2023-06-15
2023,2023-06-22,136,5,2023-06-16,2023-06-22
2023,2023-06-28,191,1,2023-06-28,2023-06-28
2023,2023-06-29,195,3,2023-06-23,2023-06-27
2023,2023-07-06,149,5,2023-06-30,2023-07-06
2023,2023-07-13,152,5,2023-07-07,2023-07-13
2023,2023-07-20,160,5,2023-07-14,2023-07-20
2023,2023-07-27,194,5,2023-07-21,2023-07-27
2023,2023-08-03,157,5,2023-07-28,2023-08-03
2023,2023-08-10,137,5,2023-08-04,2023-08-10
2023,2023-08-17,129,4,2023-08-11,2023-08-17
2023,2023-08-24,132,5,2023-08-18,2023-08-24
2023,2023-08-31,173,5,2023-08-25,2023-08-31
2023,2023-09-07,130,5,2023-09-01,2023-09-07
2023,2023-09-14,142,5,2023-09-08,2023-09-14
2023,2023-09-21,145,4,2023-09-15,2023-09-21
2023,2023-09-28,179,5,2023-09-22,2023-09-28
2023,2023-10-05,141,4,2023-09-29,2023-10-05
2023,2023-10-12,152,5,2023-10-06,2023-10-12
2023,2023-10-19,152,5,2023-10-13,2023-10-19
2023,2023-10-26,158,4,2023-10-20,2023-10-26
2023,2023-11-02,154,5,2023-10-27,2023-11-02
2023,2023-11-09,150,5,2023-11-03,2023-11-09
2023,2023-11-16,154,5,2023-11-10,2023-11-16
2023,2023-11-23,154,5,2023-11-17,2023-11-23
2023,2023-11-30,167,4,2023-11-24,2023-11-30
2023,2023-12-07,174,5,2023-12-01,2023-12-07
2023,2023-12-14,175,5,2023-12-08,2023-12-14
2023,2023-12-21,180,5,2023-12-15,2023-12-21
2023,2023-12-28,238,4,2023-12-22,2023-12-28
2024,2024-01-04,191,5,2023-12-29,2024-01-04
2024,2024-01-11,155,5,2024-01-05,2024-01-11
2024,2024-01-18,158,5,2024-01-12,2024-01-18
2024,2024-01-25,245,5,2024-01-19,2024-01-25
2024,2024-02-01,165,4,2024-01-29,2024-02-01
2024,2024-02-08,175,5,2024-02-02,2024-02-08
2024,2024-02-15,168,5,2024-02-09,2024-02-15
2024,2024-02-22,173,5,2024-02-16,2024-02-22
2024,2024-02-29,206,5,2024-02-23,2024-02-29
2024,2024-03-07,166,6,2024-03-01,2024-03-07
2024,2024-03-14,170,4,2024-03-11,2024-03-14
2024,2024-03-21,151,5,2024-03-15,2024-03-21
2024,2024-03-28,201,4,2024-03-22,2024-03-28
2024,2024-04-04,156,4,2024-04-01,2024-04-04
2024,2024-04-10,164,4,2024-04-05,2024-04-10
2024,2024-04-18,169,4,2024-04-12,2024-04-18
2024,2024-04-25,196,5,2024-04-19,2024-04-25
2024,2024-05-02,167,4,2024-04-26,2024-05-02
2024,2024-05-09,170,5,2024-05-03,2024-05-09
2024,2024-05-16,170,5,2024-05-10,2024-05-16
2024,2024-05-23,161,5,2024-05-17,2024-05-23
2024,2024-05-30,184,5,2024-05-24,2024-05-30
2024,2024-06-06,196,5,2024-05-31,2024-06-06
2024,2024-06-13,197,5,2024-06-07,2024-06-13
2024,2024-06-20,201,4,2024-06-14,2024-06-20
2024,2024-06-27,229,5,2024-06-21,2024-06-27
2024,2024-07-04,218,5,2024-06-28,2024-07-04
2024,2024-07-11,197,5,2024-07-05,2024-07-11
2024,2024-07-18,185,4,2024-07-12,2024-07-18
2024,2024-07-25,242,5,2024-07-19,2024-07-25
2024,2024-08-01,195,5,2024-07-26,2024-08-01
2024,2024-08-08,180,5,2024-08-02,2024-08-08
2024,2024-08-14,178,4,2024-08-09,2024-08-14
2024,2024-08-22,173,5,2024-08-16,2024-08-22
2024,2024-08-29,256,5,2024-08-23,2024-08-29
2024,2024-09-05,187,5,2024-08-30,2024-09-05
2024,2024-09-12,178,5,2024-09-06,2024-09-12
2024,2024-09-19,187,5,2024-09-13,2024-09-19
2024,2024-09-26,227,5,2024-09-20,2024-09-26
2024,2024-10-03,183,4,2024-09-27,2024-10-03
2024,2024-10-10,183,5,2024-10-04,2024-10-10
2024,2024-10-17,180,5,2024-10-11,2024-10-17
2024,2024-10-24,187,5,2024-10-18,2024-10-24
2024,2024-10-31,227,5,2024-10-25,2024-10-31
