strike_distance_pct,max_total_premium_pct,target_multiplier,window_start,window_finish,expiry_limit,limit_one_trade,results_folder,total_trades,total_profitable,profit_rate,total_pnl,avg_pnl_pct,win_rate,target_hit_rate
0.005,0.0055,2.5,12:30,13:00,10000,1,RV_IV_Analysis_20260324_132239,16,7,43.75,983.16,59.0425925842,34.375,21.875
0.005,0.005,2.5,14:00,14:30,10000,1,RV_IV_Analysis_20260324_083355,15,6,40.0,868.9899999999998,58.56341008347185,33.33333333333333,20.0
0.00375,0.0065,2.5,11:30,12:00,10000,1,RV_IV_Analysis_20260324_061013,16,6,37.5,1219.02,57.59410845798918,37.5,18.75
0.00375,0.0065,2.0,11:30,12:00,10000,1,RV_IV_Analysis_20260324_054730,16,11,68.75,1114.57,53.84279569253468,40.625,34.375
0.00375,0.0065,2.5,12:00,12:30,10000,1,RV_IV_Analysis_20260324_061202,16,6,37.5,1088.7600000000002,52.95560756677583,37.5,18.75
0.005,0.0055,2.5,10:00,10:30,10000,1,RV_IV_Analysis_20260324_131111,15,7,46.66666666666666,873.5,52.922110314776354,33.33333333333333,23.33333333333333
0.005,0.005,2.0,14:00,14:30,10000,1,RV_IV_Analysis_20260324_080957,15,10,66.66666666666666,737.4499999999998,51.3363102415202,36.66666666666666,33.33333333333333
0.005,0.0055,2.0,11:30,12:00,10000,1,RV_IV_Analysis_20260324_125211,15,10,66.66666666666666,1005.5499999999998,51.33624714022132,40.0,33.33333333333333
0.005,0.0055,2.0,12:30,13:00,10000,1,RV_IV_Analysis_20260324_125521,16,10,62.5,844.55,50.77106118462207,37.5,31.25
0.00375,0.0065,2.5,13:30,14:00,10000,1,RV_IV_Analysis_20260324_061743,17,6,35.294117647058826,944.79,48.52450069553446,35.294117647058826,17.647058823529413
0.005,0.0055,2.5,11:30,12:00,10000,1,RV_IV_Analysis_20260324_131805,15,6,40.0,832.55,47.25334951678054,33.33333333333333,20.0
0.00375,0.0065,2.0,12:00,12:30,10000,1,RV_IV_Analysis_20260324_054922,16,10,62.5,1007.11,47.16641766034452,40.625,31.25
0.0025,0.0075,2.5,11:30,12:00,10000,1,RV_IV_Analysis_20260324_022721,15,4,26.666666666666668,1148.06,46.80595192772432,36.66666666666666,13.333333333333334
0.005,0.0055,2.5,10:30,11:00,10000,1,RV_IV_Analysis_20260324_131328,17,5,29.411764705882355,823.1899999999999,45.882080941134696,32.35294117647059,14.705882352941178
0.005,0.0055,2.5,11:00,11:30,10000,1,RV_IV_Analysis_20260324_131550,16,6,37.5,972.1,45.61087280624923,34.375,18.75
0.00375,0.0065,2.5,10:30,11:00,10000,1,RV_IV_Analysis_20260324_060624,16,6,37.5,913.19,45.32880737185422,34.375,18.75
0.005,0.0055,2.5,14:00,14:30,10000,1,RV_IV_Analysis_20260324_132929,18,6,33.33333333333333,786.8899999999999,45.06125498599427,33.33333333333333,16.666666666666664
0.0025,0.0075,2.5,11:00,11:30,10000,1,RV_IV_Analysis_20260324_022525,16,4,25.0,1118.86,44.958349540895,37.5,12.5
0.0025,0.0075,2.5,10:30,11:00,10000,1,RV_IV_Analysis_20260324_022329,17,5,29.411764705882355,1073.2599999999998,43.95606158549728,35.294117647058826,14.705882352941178
0.005,0.0055,2.0,14:30,15:00,10000,1,RV_IV_Analysis_20260324_130419,16,10,62.5,753.7,42.53576003615265,37.5,31.25
0.005,0.0055,2.0,10:30,11:00,10000,1,RV_IV_Analysis_20260324_090814,17,10,58.82352941176471,768.79,41.83603434572288,35.294117647058826,29.411764705882355
0.005,0.0055,2.0,11:00,11:30,10000,1,RV_IV_Analysis_20260324_091016,16,10,62.5,868.6499999999999,41.496067588031785,37.5,31.25
0.005,0.0055,2.5,14:30,15:00,10000,1,RV_IV_Analysis_20260324_133146,16,7,43.75,727.3,40.344183855039375,31.25,21.875
0.0025,0.0075,2.5,12:00,12:30,10000,1,RV_IV_Analysis_20260324_022914,18,5,27.77777777777778,1151.11,39.77994561245824,36.11111111111111,13.88888888888889
0.005,0.0055,2.5,13:00,13:30,10000,1,RV_IV_Analysis_20260324_132455,16,6,37.5,810.0600000000001,39.484117191346265,34.375,18.75
0.00375,0.0065,2.5,12:30,13:00,10000,1,RV_IV_Analysis_20260324_061403,15,4,26.666666666666668,775.9499999999999,39.3146620991062,36.66666666666666,13.333333333333334
0.005,0.0055,2.5,12:00,12:30,10000,1,RV_IV_Analysis_20260324_132020,17,6,35.294117647058826,666.3999999999999,38.78782750285647,32.35294117647059,17.647058823529413
0.005,0.0055,2.0,14:00,14:30,10000,1,RV_IV_Analysis_20260324_130208,18,10,55.55555555555556,638.8500000000001,38.44658707817159,36.11111111111111,27.77777777777778
0.0025,0.0075,2.0,10:30,11:00,10000,1,RV_IV_Analysis_20260324_015911,17,8,47.05882352941176,901.66,37.78392182224778,38.23529411764706,23.52941176470588
0.005,0.0055,2.5,09:30,10:00,10000,1,RV_IV_Analysis_20260324_130851,15,6,40.0,627.0,36.87992722426595,30.0,20.0
0.005,0.0055,2.0,15:00,15:30,10000,1,RV_IV_Analysis_20260324_130634,19,11,57.89473684210527,598.25,35.995600200198304,34.21052631578947,28.947368421052637
0.0025,0.0075,2.0,11:30,12:00,10000,1,RV_IV_Analysis_20260324_020257,15,8,53.333333333333336,849.06,35.392133829729374,36.66666666666666,26.666666666666668
0.0025,0.0075,2.5,12:30,13:00,10000,1,RV_IV_Analysis_20260324_023105,19,5,26.31578947368421,930.6,34.29706200835295,34.21052631578947,13.157894736842104
0.0025,0.0075,2.0,11:00,11:30,10000,1,RV_IV_Analysis_20260324_020100,16,8,50.0,805.5499999999997,33.79854699192495,37.5,25.0
0.005,0.0055,2.0,12:00,12:30,10000,1,RV_IV_Analysis_20260324_125335,17,9,52.94117647058824,657.1499999999997,33.42799225772246,35.294117647058826,26.47058823529412
0.005,0.0055,2.5,13:30,14:00,10000,1,RV_IV_Analysis_20260324_132711,16,6,37.5,596.1500000000001,32.68006129143437,31.25,18.75
0.00375,0.0065,2.5,13:00,13:30,10000,1,RV_IV_Analysis_20260324_061552,17,5,29.411764705882355,696.66,32.46086700074748,35.294117647058826,14.705882352941178
0.00375,0.0065,2.0,13:30,14:00,10000,1,RV_IV_Analysis_20260324_055507,17,9,52.94117647058824,625.5499999999998,31.684465967258173,35.294117647058826,26.47058823529412
0.00375,0.0065,1.5,11:30,12:00,10000,1,RV_IV_Analysis_20260324_052253,16,12,75.0,632.8199999999999,31.54768552230756,43.75,37.5
0.00375,0.0065,2.0,10:30,11:00,10000,1,RV_IV_Analysis_20260324_054344,16,8,50.0,652.0900000000001,31.05751638430613,37.5,25.0
0.005,0.0055,2.0,10:00,10:30,10000,1,RV_IV_Analysis_20260324_090620,15,8,53.333333333333336,467.91,30.879461025573807,33.33333333333333,26.666666666666668
0.005,0.0065,2.0,15:00,15:30,10000,1,RV_IV_Analysis_20260324_182916,29,16,55.172413793103445,850.8499999999999,30.83377664810482,31.03448275862069,27.58620689655172
0.00375,0.0065,2.0,15:00,15:30,10000,1,RV_IV_Analysis_20260324_060041,19,9,47.368421052631575,645.7199999999999,30.4413457132602,36.84210526315789,23.684210526315788
0.00375,0.0065,2.0,12:30,13:00,10000,1,RV_IV_Analysis_20260324_055115,15,8,53.333333333333336,596.0,30.38011609261149,36.66666666666666,26.666666666666668
0.00375,0.0065,2.5,09:30,10:00,10000,1,RV_IV_Analysis_20260324_060233,16,5,31.25,699.2499999999999,30.349952680281568,34.375,15.625
0.00375,0.0065,2.0,13:00,13:30,10000,1,RV_IV_Analysis_20260324_055307,17,9,52.94117647058824,610.4599999999999,29.48319674435169,35.294117647058826,26.47058823529412
0.005,0.0055,2.0,09:30,10:00,10000,1,RV_IV_Analysis_20260324_090428,15,8,53.333333333333336,486.31000000000006,28.98465665955369,33.33333333333333,26.666666666666668
0.00375,0.0065,2.5,15:00,15:30,10000,1,RV_IV_Analysis_20260324_062322,19,4,21.052631578947366,599.3299999999999,28.88074925700525,34.21052631578947,10.526315789473683
0.005,0.005,1.5,14:00,14:30,10000,1,RV_IV_Analysis_20260324_074545,15,11,73.33333333333333,408.25,28.633563928739697,40.0,36.66666666666666
0.005,0.0055,1.5,12:30,13:00,10000,1,RV_IV_Analysis_20260324_085309,16,12,75.0,508.31,28.528579283820317,40.625,37.5
0.00375,0.0065,1.5,12:00,12:30,10000,1,RV_IV_Analysis_20260324_052450,16,12,75.0,625.15,28.161776796282204,43.75,37.5
0.00375,0.0065,1.5,13:30,14:00,10000,1,RV_IV_Analysis_20260324_053040,17,12,70.58823529411765,500.0999999999999,28.13335588242923,41.17647058823529,35.294117647058826
0.0025,0.0075,2.5,09:30,10:00,10000,1,RV_IV_Analysis_20260324_021946,18,5,27.77777777777778,672.5999999999999,28.111711914821598,36.11111111111111,13.88888888888889
0.00375,0.0075,2.5,11:30,12:00,10000,1,RV_IV_Analysis_20260324_071410,27,7,25.925925925925924,846.9699999999998,27.52458366291464,27.77777777777778,12.962962962962962
0.0025,0.0075,2.0,12:00,12:30,10000,1,RV_IV_Analysis_20260324_020449,18,7,38.88888888888889,787.96,26.59607515061701,36.11111111111111,19.444444444444446
0.0025,0.0075,2.5,13:00,13:30,10000,1,RV_IV_Analysis_20260324_023258,20,4,20.0,672.1099999999999,26.114049030729536,32.5,10.0
0.005,0.0055,2.0,13:00,13:30,10000,1,RV_IV_Analysis_20260324_125744,16,8,50.0,503.21,25.701628520129923,34.375,25.0
0.00375,0.0065,1.5,12:30,13:00,10000,1,RV_IV_Analysis_20260324_052642,15,11,73.33333333333333,533.2499999999999,25.573836497009985,43.333333333333336,36.66666666666666
0.00375,0.0075,2.0,11:30,12:00,10000,1,RV_IV_Analysis_20260324_065232,27,13,48.14814814814815,749.9699999999998,25.49241654854939,29.629629629629623,24.074074074074076
0.01,0.0055,2.5,13:00,13:30,10000,1,RV_IV_Analysis_20260324_203903,43,16,37.2093023255814,767.5500000000001,25.36662797274932,24.418604651162788,18.6046511627907
0.00375,0.0065,2.5,14:00,14:30,10000,1,RV_IV_Analysis_20260324_061940,17,4,23.52941176470588,585.3999999999999,25.347987746203405,32.35294117647059,11.76470588235294
0.0025,0.0075,1.5,11:00,11:30,10000,1,RV_IV_Analysis_20260324_013836,16,12,75.0,670.1999999999997,25.062662468801157,43.75,37.5
0.00375,0.0075,2.5,12:00,12:30,10000,1,RV_IV_Analysis_20260324_071600,27,8,29.629629629629623,717.36,25.04667242812518,27.77777777777778,14.814814814814811
0.005,0.0065,2.5,10:00,10:30,10000,1,RV_IV_Analysis_20260324_183011,25,8,32.0,541.7499999999999,24.61823021677164,26.0,16.0
0.005,0.0055,2.5,15:00,15:30,10000,1,RV_IV_Analysis_20260324_133405,19,5,26.31578947368421,425.8599999999999,24.612408696940346,28.947368421052637,13.157894736842104
0.0025,0.0075,1.5,11:30,12:00,10000,1,RV_IV_Analysis_20260324_014034,15,11,73.33333333333333,630.2599999999998,24.244995764223,43.333333333333336,36.66666666666666
0.0075,0.0055,2.5,11:30,12:00,10000,1,RV_IV_Analysis_20260324_192550,29,10,34.48275862068966,716.18,24.145034825190663,24.13793103448276,17.24137931034483
0.0075,0.005,2.5,12:30,13:00,10000,1,RV_IV_Analysis_20260324_190745,25,9,36.0,568.7499999999999,23.811014195250408,24.0,18.0
0.0025,0.0075,2.0,12:30,13:00,10000,1,RV_IV_Analysis_20260324_020944,19,9,47.368421052631575,608.15,23.732703073940293,34.21052631578947,23.684210526315788
0.005,0.0055,1.5,14:00,14:30,10000,1,RV_IV_Analysis_20260324_085845,18,13,72.22222222222221,410.69999999999993,23.349966567316518,38.88888888888889,36.11111111111111
0.005,0.0065,2.5,15:00,15:30,10000,1,RV_IV_Analysis_20260324_183441,29,8,27.58620689655172,668.32,23.25870376856399,27.58620689655172,13.79310344827586
0.0025,0.0075,1.5,12:00,12:30,10000,1,RV_IV_Analysis_20260324_014226,18,13,72.22222222222221,706.4099999999999,23.133925803325774,41.66666666666667,36.11111111111111
0.0025,0.0075,2.5,13:30,14:00,10000,1,RV_IV_Analysis_20260324_023500,21,4,19.047619047619047,507.4,22.852575558500824,30.952380952380956,9.523809523809524
0.005,0.0065,2.5,12:30,13:00,10000,1,RV_IV_Analysis_20260324_183226,25,8,32.0,444.10999999999984,22.75238276831856,26.0,16.0
0.005,0.0075,2.0,15:00,15:30,10000,1,RV_IV_Analysis_20260324_184820,41,19,46.34146341463415,824.8400000000001,22.466688996401302,31.70731707317073,23.170731707317078
0.0025,0.0075,2.5,14:30,15:00,10000,1,RV_IV_Analysis_20260324_023856,22,5,22.727272727272727,743.4,22.43935126901606,31.818181818181817,11.363636363636363
0.005,0.0055,1.5,11:30,12:00,10000,1,RV_IV_Analysis_20260324_084925,15,11,73.33333333333333,495.7899999999999,22.336689345825587,40.0,36.66666666666666
0.01,0.005,2.5,13:00,13:30,10000,1,RV_IV_Analysis_20260324_202019,40,15,37.5,534.3999999999997,22.2455022423956,23.75,18.75
0.005,0.0055,1.5,12:00,12:30,10000,1,RV_IV_Analysis_20260324_085104,17,12,70.58823529411765,385.5999999999998,22.084940088794905,38.23529411764706,35.294117647058826
0.00375,0.0065,2.5,10:00,10:30,10000,1,RV_IV_Analysis_20260324_060427,15,4,26.666666666666668,571.55,21.93977232574222,36.66666666666666,13.333333333333334
0.00375,0.0075,2.0,12:00,12:30,10000,1,RV_IV_Analysis_20260324_065413,27,12,44.44444444444444,635.71,21.616041372462185,29.629629629629623,22.22222222222222
0.00375,0.0065,1.5,15:00,15:30,10000,1,RV_IV_Analysis_20260324_053828,19,13,68.42105263157895,386.5799999999999,21.592193975906746,39.47368421052632,34.21052631578947
0.01,0.0055,2.5,11:30,12:00,10000,1,RV_IV_Analysis_20260324_203744,43,15,34.88372093023256,499.7100000000001,21.436233966493923,23.25581395348837,17.441860465116278
0.005,0.0055,1.5,10:30,11:00,10000,1,RV_IV_Analysis_20260324_084650,17,12,70.58823529411765,380.1,21.346464413191622,38.23529411764706,35.294117647058826
0.005,0.0065,2.5,12:00,12:30,10000,1,RV_IV_Analysis_20260324_183159,27,8,29.629629629629623,449.5599999999999,21.31907988050992,25.925925925925924,14.814814814814811
0.0075,0.0055,2.0,15:00,15:30,10000,1,RV_IV_Analysis_20260324_192336,37,18,48.64864864864865,790.3199999999997,21.250458971393016,27.027027027027028,24.324324324324326
0.00375,0.0065,2.0,09:30,10:00,10000,1,RV_IV_Analysis_20260324_053953,16,7,43.75,490.80000000000007,21.221398076193434,37.5,21.875
0.005,0.0075,2.0,12:30,13:00,10000,1,RV_IV_Analysis_20260324_184612,36,14,38.88888888888889,624.1499999999996,21.10385356543253,30.55555555555556,19.444444444444446
0.005,0.0075,2.5,10:30,11:00,10000,1,RV_IV_Analysis_20260324_184938,31,8,25.806451612903224,494.3399999999997,21.03132152536935,25.806451612903224,12.903225806451612
0.005,0.0075,2.5,15:00,15:30,10000,1,RV_IV_Analysis_20260324_185336,41,10,24.390243902439025,965.62,20.983716355236503,29.268292682926827,12.195121951219512
0.005,0.0075,2.5,12:30,13:00,10000,1,RV_IV_Analysis_20260324_185125,36,9,25.0,498.1099999999998,20.82041831733015,27.77777777777778,12.5
0.005,0.0075,2.5,12:00,12:30,10000,1,RV_IV_Analysis_20260324_185058,36,9,25.0,504.4499999999996,20.7103999556015,29.166666666666668,12.5
0.005,0.0055,1.5,11:00,11:30,10000,1,RV_IV_Analysis_20260324_084802,16,12,75.0,496.39,20.52130789347908,40.625,37.5
0.00375,0.0075,2.0,15:00,15:30,10000,1,RV_IV_Analysis_20260324_070410,30,13,43.333333333333336,753.0000000000002,20.44080647617733,33.33333333333333,21.666666666666668
0.0075,0.0055,2.5,12:30,13:00,10000,1,RV_IV_Analysis_20260324_192644,31,10,32.25806451612903,484.0099999999998,20.343876476027127,22.58064516129032,16.129032258064516
0.005,0.0055,1.5,10:00,10:30,10000,1,RV_IV_Analysis_20260324_084149,15,11,73.33333333333333,322.95999999999987,20.3214632549122,36.66666666666666,36.66666666666666
0.005,0.0065,2.5,09:30,10:00,10000,1,RV_IV_Analysis_20260324_182944,25,7,28.000000000000004,441.3,19.899717485271623,30.0,14.000000000000002
0.0075,0.0075,2.5,12:30,13:00,10000,1,RV_IV_Analysis_20260324_200403,45,13,28.88888888888889,980.9499999999994,19.64522160419425,26.666666666666668,14.444444444444445
0.0075,0.0055,2.5,12:00,12:30,10000,1,RV_IV_Analysis_20260324_192617,31,9,29.03225806451613,514.3499999999998,19.616010443864784,25.806451612903224,14.516129032258066
0.00375,0.0075,2.5,12:30,13:00,10000,1,RV_IV_Analysis_20260324_071736,25,6,24.0,554.95,19.52225342174561,28.000000000000004,12.0
0.0075,0.0055,2.5,15:00,15:30,10000,1,RV_IV_Analysis_20260324_192859,37,11,29.72972972972973,823.8699999999997,19.27921092657605,24.324324324324326,14.864864864864863
0.0075,0.0055,2.0,12:00,12:30,10000,1,RV_IV_Analysis_20260324_192056,31,15,48.38709677419355,458.4799999999999,19.13020536092537,29.03225806451613,24.193548387096776
0.0025,0.0075,2.5,14:00,14:30,10000,1,RV_IV_Analysis_20260324_023659,21,5,23.809523809523807,482.1699999999999,19.066051999599008,30.952380952380956,11.904761904761903
0.005,0.0075,2.5,11:30,12:00,10000,1,RV_IV_Analysis_20260324_185031,33,9,27.27272727272727,566.1499999999997,18.968413131826868,27.27272727272727,13.636363636363637
0.0075,0.005,2.0,15:00,15:30,10000,1,RV_IV_Analysis_20260324_190433,30,15,50.0,481.5099999999998,18.9595758653438,26.666666666666668,25.0
0.00375,0.0075,2.5,15:00,15:30,10000,1,RV_IV_Analysis_20260324_072600,30,6,20.0,670.8599999999999,18.88484829653464,31.666666666666664,10.0
0.00375,0.0065,2.5,14:30,15:00,10000,1,RV_IV_Analysis_20260324_062130,19,4,21.052631578947366,318.6999999999998,18.80634518314729,28.947368421052637,10.526315789473683
0.00375,0.0075,2.5,10:00,10:30,10000,1,RV_IV_Analysis_20260324_070950,23,6,26.08695652173913,788.15,18.767815677862348,30.434782608695656,13.043478260869565
0.01,0.0065,2.5,13:00,13:30,10000,1,RV_IV_Analysis_20260324_205725,52,18,34.61538461538461,652.7099999999997,18.7252338195507,24.03846153846154,17.307692307692307
0.0075,0.0065,2.5,12:30,13:00,10000,1,RV_IV_Analysis_20260324_194531,41,12,29.268292682926827,625.4499999999996,18.27039402523593,25.60975609756097,14.634146341463412
0.00375,0.0075,2.5,10:30,11:00,10000,1,RV_IV_Analysis_20260324_071104,24,7,29.166666666666668,441.38999999999993,18.266276433813683,29.166666666666668,14.583333333333334
0.0075,0.0055,2.5,10:30,11:00,10000,1,RV_IV_Analysis_20260324_192457,28,10,35.714285714285715,265.8999999999998,18.265714919101438,23.214285714285715,17.857142857142858
0.005,0.0055,2.0,13:30,14:00,10000,1,RV_IV_Analysis_20260324_125955,16,8,50.0,313.79999999999995,18.24578596307604,31.25,25.0
0.0075,0.0055,2.0,11:30,12:00,10000,1,RV_IV_Analysis_20260324_192029,29,14,48.27586206896552,501.42,18.233363657822203,27.58620689655172,24.13793103448276
0.005,0.0075,2.0,10:30,11:00,10000,1,RV_IV_Analysis_20260324_184125,31,13,41.935483870967744,387.94999999999993,18.150020106852605,27.41935483870968,20.967741935483872
0.0025,0.0075,2.0,10:00,10:30,10000,1,RV_IV_Analysis_20260324_015717,18,8,44.44444444444444,483.14,18.12722815773788,36.11111111111111,22.22222222222222
0.00375,0.0065,2.0,14:30,15:00,10000,1,RV_IV_Analysis_20260324_055848,19,8,42.10526315789473,374.06,18.000590821492064,31.57894736842105,21.052631578947366
0.01,0.0065,2.5,11:30,12:00,10000,1,RV_IV_Analysis_20260324_205608,48,16,33.33333333333333,498.07,17.91189682383458,22.916666666666664,16.666666666666664
0.005,0.0075,2.0,11:30,12:00,10000,1,RV_IV_Analysis_20260324_184218,33,14,42.42424242424242,610.4499999999997,17.910513790350976,30.303030303030305,21.21212121212121
0.0075,0.0055,2.0,14:30,15:00,10000,1,RV_IV_Analysis_20260324_192310,36,16,44.44444444444444,575.0499999999996,17.863122009684147,26.38888888888889,22.22222222222222
0.005,0.0075,2.5,09:30,10:00,10000,1,RV_IV_Analysis_20260324_184846,29,8,27.58620689655172,375.6,17.519297061271903,29.310344827586203,13.79310344827586
0.00375,0.0065,1.5,14:00,14:30,10000,1,RV_IV_Analysis_20260324_053231,17,12,70.58823529411765,477.66,17.466744591868647,38.23529411764706,35.294117647058826
0.005,0.0065,2.0,12:30,13:00,10000,1,RV_IV_Analysis_20260324_182653,25,11,44.0,301.5,17.327986158801146,28.000000000000004,22.0
0.005,0.0055,1.5,13:30,14:00,10000,1,RV_IV_Analysis_20260324_085646,16,11,68.75,302.9999999999999,17.244299454612943,37.5,34.375
0.0075,0.0065,2.5,13:00,13:30,10000,1,RV_IV_Analysis_20260324_194557,42,13,30.952380952380956,787.31,17.126914566092434,26.190476190476197,15.476190476190476
0.01,0.0055,2.5,15:00,15:30,10000,1,RV_IV_Analysis_20260324_204047,47,15,31.91489361702128,822.6599999999999,16.85629822924458,24.46808510638298,15.95744680851064
0.0025,0.0075,1.5,12:30,13:00,10000,1,RV_IV_Analysis_20260324_014415,19,13,68.42105263157895,442.9999999999999,16.65239584735867,39.47368421052632,34.21052631578947
0.0075,0.0075,2.5,13:00,13:30,10000,1,RV_IV_Analysis_20260324_200428,48,15,31.25,1101.33,16.613228836622103,26.041666666666668,15.625
0.005,0.0075,2.5,11:00,11:30,10000,1,RV_IV_Analysis_20260324_185005,34,8,23.52941176470588,596.5000000000001,16.590684509189224,26.47058823529412,11.76470588235294
0.01,0.0055,2.5,12:30,13:00,10000,1,RV_IV_Analysis_20260324_203837,45,14,31.11111111111111,635.4599999999997,16.21818543574616,23.33333333333333,15.555555555555555
0.0025,0.0075,2.5,15:00,15:30,10000,1,RV_IV_Analysis_20260324_024047,22,4,18.181818181818183,679.2999999999998,16.146646947711897,31.818181818181817,9.090909090909092
0.0025,0.0075,2.0,13:00,13:30,10000,1,RV_IV_Analysis_20260324_021054,20,9,45.0,376.2599999999999,15.897098134836764,32.5,22.5
0.005,0.0065,2.5,11:30,12:00,10000,1,RV_IV_Analysis_20260324_183132,26,8,30.76923076923077,184.00999999999985,15.783427392151548,25.0,15.384615384615383
0.005,0.0055,1.5,13:00,13:30,10000,1,RV_IV_Analysis_20260324_085456,16,11,68.75,361.46,15.727204848100452,37.5,34.375
0.0075,0.0055,2.5,14:30,15:00,10000,1,RV_IV_Analysis_20260324_192831,36,11,30.55555555555556,498.3599999999997,15.69415740380467,23.61111111111111,15.27777777777778
0.0025,0.0075,1.5,14:30,15:00,10000,1,RV_IV_Analysis_20260324_015144,22,14,63.63636363636363,485.8799999999999,15.655263710558469,36.36363636363637,31.818181818181817
0.00375,0.0065,2.0,10:00,10:30,10000,1,RV_IV_Analysis_20260324_054140,15,6,40.0,395.5999999999999,15.611476132434138,36.66666666666666,20.0
0.00375,0.0075,2.5,13:00,13:30,10000,1,RV_IV_Analysis_20260324_071918,27,7,25.925925925925924,388.6200000000001,15.57936988078078,27.77777777777778,12.962962962962962
0.0025,0.0075,2.0,14:30,15:00,10000,1,RV_IV_Analysis_20260324_021553,22,8,36.36363636363637,522.3999999999997,15.282268305291876,31.818181818181817,18.181818181818183
0.005,0.0055,1.5,14:30,15:00,10000,1,RV_IV_Analysis_20260324_090047,16,11,68.75,305.0999999999999,15.169806757738137,37.5,34.375
0.0075,0.0055,2.5,09:30,10:00,10000,1,RV_IV_Analysis_20260324_192403,28,10,35.714285714285715,356.5499999999999,15.145453410615618,26.785714285714285,17.857142857142858
0.0025,0.0075,2.0,15:00,15:30,10000,1,RV_IV_Analysis_20260324_021757,22,8,36.36363636363637,666.3399999999997,15.057695564913848,31.818181818181817,18.181818181818183
0.005,0.0065,2.0,09:30,10:00,10000,1,RV_IV_Analysis_20260324_182401,25,10,40.0,276.76,14.71638046538482,32.0,20.0
0.00375,0.0075,2.5,11:00,11:30,10000,1,RV_IV_Analysis_20260324_071228,26,6,23.07692307692308,182.16000000000008,14.706789668397947,26.923076923076923,11.538461538461538
0.005,0.0075,2.5,10:00,10:30,10000,1,RV_IV_Analysis_20260324_184912,32,9,28.125,128.09999999999968,14.673639298474846,26.5625,14.0625
0.0025,0.0075,2.5,10:00,10:30,10000,1,RV_IV_Analysis_20260324_022141,18,4,22.22222222222222,400.7499999999999,14.535335232443966,36.11111111111111,11.11111111111111
0.01,0.005,2.5,11:30,12:00,10000,1,RV_IV_Analysis_20260324_201859,39,12,30.76923076923077,133.31,14.45001831328956,23.07692307692308,15.384615384615383
0.0025,0.0075,1.5,15:00,15:30,10000,1,RV_IV_Analysis_20260324_015335,22,14,63.63636363636363,556.9499999999998,14.410175200577369,36.36363636363637,31.818181818181817
0.01,0.0055,2.5,12:00,12:30,10000,1,RV_IV_Analysis_20260324_203811,45,14,31.11111111111111,572.7999999999998,14.33220526912719,23.33333333333333,15.555555555555555
0.01,0.005,2.0,14:30,15:00,10000,1,RV_IV_Analysis_20260324_201621,42,19,45.23809523809524,621.3199999999999,14.290870808638031,27.380952380952383,22.61904761904762
0.005,0.0065,2.5,14:00,14:30,10000,1,RV_IV_Analysis_20260324_183347,29,7,24.13793103448276,82.29999999999978,14.278612910585911,25.86206896551724,12.06896551724138
0.0075,0.0065,2.5,12:00,12:30,10000,1,RV_IV_Analysis_20260324_194504,38,11,28.947368421052637,463.95999999999975,14.224388033187983,26.31578947368421,14.473684210526317
0.00375,0.0075,2.0,12:30,13:00,10000,1,RV_IV_Analysis_20260324_065552,25,10,40.0,374.9999999999998,14.115905940512407,28.000000000000004,20.0
0.0075,0.0055,2.5,10:00,10:30,10000,1,RV_IV_Analysis_20260324_192430,28,9,32.142857142857146,174.14999999999975,13.68146460435294,23.214285714285715,16.071428571428573
0.0075,0.0065,2.5,11:30,12:00,10000,1,RV_IV_Analysis_20260324_194438,37,11,29.72972972972973,457.3399999999998,13.567261773634977,24.324324324324326,14.864864864864863
0.0025,0.0075,1.5,10:30,11:00,10000,1,RV_IV_Analysis_20260324_013643,17,11,64.70588235294117,285.5599999999999,13.562884144305912,38.23529411764706,32.35294117647059
0.01,0.0055,2.5,13:30,14:00,10000,1,RV_IV_Analysis_20260324_203929,44,15,34.090909090909086,472.0599999999998,13.535125480436824,22.727272727272727,17.045454545454543
0.005,0.0065,2.0,14:30,15:00,10000,1,RV_IV_Analysis_20260324_182849,29,11,37.93103448275862,183.99000000000007,13.434908173529594,27.58620689655172,18.96551724137931
0.0075,0.005,2.0,12:30,13:00,10000,1,RV_IV_Analysis_20260324_190217,25,12,48.0,333.1,13.399854096232026,26.0,24.0
0.01,0.0055,2.0,14:30,15:00,10000,1,RV_IV_Analysis_20260324_203505,49,21,42.85714285714285,606.0999999999999,13.349050740373237,27.55102040816326,21.428571428571427
0.0075,0.0075,2.5,14:30,15:00,10000,1,RV_IV_Analysis_20260324_200547,50,16,32.0,727.4599999999996,13.303711793893576,24.0,16.0
0.005,0.0065,2.0,10:00,10:30,10000,1,RV_IV_Analysis_20260324_182430,25,11,44.0,199.25999999999988,13.232640416307254,26.0,22.0
0.005,0.0075,2.0,14:30,15:00,10000,1,RV_IV_Analysis_20260324_184754,39,16,41.02564102564102,469.3499999999999,13.198436594297318,29.48717948717949,20.51282051282051
0.0075,0.0065,2.0,15:00,15:30,10000,1,RV_IV_Analysis_20260324_194226,46,20,43.47826086956522,613.0699999999997,13.146669839663396,26.08695652173913,21.73913043478261
0.0075,0.005,2.5,15:00,15:30,10000,1,RV_IV_Analysis_20260324_191257,30,8,26.666666666666668,353.4399999999997,13.009245585208127,23.33333333333333,13.333333333333334
0.0075,0.0075,2.5,11:30,12:00,10000,1,RV_IV_Analysis_20260324_200312,45,13,28.88888888888889,528.3499999999999,12.962999317041229,25.555555555555557,14.444444444444445
0.00375,0.0065,2.0,14:00,14:30,10000,1,RV_IV_Analysis_20260324_055658,17,7,41.17647058823529,313.2099999999999,12.903117167478106,32.35294117647059,20.588235294117645
0.0075,0.0065,2.5,10:30,11:00,10000,1,RV_IV_Analysis_20260324_194345,38,11,28.947368421052637,72.96999999999974,12.895148518573066,25.0,14.473684210526317
0.00375,0.0075,2.5,13:30,14:00,10000,1,RV_IV_Analysis_20260324_072106,28,7,25.0,97.09000000000005,12.8599081974726,26.785714285714285,12.5
0.00375,0.0065,1.5,13:00,13:30,10000,1,RV_IV_Analysis_20260324_052839,17,11,64.70588235294117,250.6099999999998,12.79261582796381,38.23529411764706,32.35294117647059
0.005,0.0055,1.5,15:00,15:30,10000,1,RV_IV_Analysis_20260324_090233,19,12,63.1578947368421,156.3599999999999,12.7848287178528,34.21052631578947,31.57894736842105
0.01,0.0055,2.5,14:30,15:00,10000,1,RV_IV_Analysis_20260324_204021,49,16,32.6530612244898,613.06,12.76097892626189,24.489795918367346,16.3265306122449
0.01,0.0065,2.5,12:30,13:00,10000,1,RV_IV_Analysis_20260324_205659,49,15,30.612244897959183,468.44999999999993,12.553987407846297,22.448979591836736,15.306122448979592
0.0075,0.0075,2.5,12:00,12:30,10000,1,RV_IV_Analysis_20260324_200337,45,13,28.88888888888889,512.1699999999997,12.231456073970543,25.555555555555557,14.444444444444445
0.0075,0.005,2.5,12:00,12:30,10000,1,RV_IV_Analysis_20260324_190718,24,8,33.33333333333333,193.7499999999998,12.141596112843157,25.0,16.666666666666664
0.0075,0.0065,2.5,13:30,14:00,10000,1,RV_IV_Analysis_20260324_194623,42,12,28.57142857142857,532.8699999999999,12.12317843880354,23.809523809523807,14.285714285714285
0.0075,0.0065,2.5,15:00,15:30,10000,1,RV_IV_Analysis_20260324_194741,46,12,26.08695652173913,702.3799999999997,11.99412040159856,23.91304347826087,13.043478260869565
0.01,0.005,2.5,12:30,13:00,10000,1,RV_IV_Analysis_20260324_201952,40,12,30.0,326.9,11.992848301385976,22.5,15.0
0.005,0.0075,2.5,14:30,15:00,10000,1,RV_IV_Analysis_20260324_185310,39,10,25.64102564102564,425.9499999999997,11.33035509580328,26.923076923076923,12.82051282051282
0.005,0.0075,2.0,09:30,10:00,10000,1,RV_IV_Analysis_20260324_184031,29,11,37.93103448275862,123.90999999999995,11.328741236895612,31.03448275862069,18.96551724137931
0.0025,0.0075,2.0,09:30,10:00,10000,1,RV_IV_Analysis_20260324_015524,18,6,33.33333333333333,186.99999999999983,11.278777074366388,36.11111111111111,16.666666666666664
0.01,0.0055,2.0,13:00,13:30,10000,1,RV_IV_Analysis_20260324_203347,43,20,46.51162790697674,337.17000000000013,11.276684008251529,24.418604651162788,23.25581395348837
0.0075,0.0075,2.5,11:00,11:30,10000,1,RV_IV_Analysis_20260324_200246,44,11,25.0,261.8699999999998,11.27305933915354,25.0,12.5
0.01,0.005,2.5,11:00,11:30,10000,1,RV_IV_Analysis_20260324_201833,36,10,27.77777777777778,24.80999999999977,11.164703083135516,19.444444444444446,13.88888888888889
0.005,0.0075,2.0,12:00,12:30,10000,1,RV_IV_Analysis_20260324_184245,36,12,33.33333333333333,120.64999999999976,11.14845855884658,30.55555555555556,16.666666666666664
0.00375,0.0075,2.5,09:30,10:00,10000,1,RV_IV_Analysis_20260324_070847,25,6,24.0,249.5499999999998,11.1211767678875,30.0,12.0
0.0075,0.005,2.5,10:00,10:30,10000,1,RV_IV_Analysis_20260324_190527,22,7,31.818181818181817,54.39999999999986,11.079158666084986,25.0,15.909090909090908
0.0075,0.0065,2.5,14:00,14:30,10000,1,RV_IV_Analysis_20260324_194649,42,12,28.57142857142857,634.1100000000002,11.011865799670678,22.61904761904762,14.285714285714285
0.0075,0.0065,2.5,11:00,11:30,10000,1,RV_IV_Analysis_20260324_194411,38,10,26.31578947368421,206.7099999999998,10.990513333315729,25.0,13.157894736842104
0.01,0.005,2.5,13:30,14:00,10000,1,RV_IV_Analysis_20260324_202045,41,14,34.14634146341464,256.39000000000016,10.979443588486507,21.951219512195124,17.073170731707318
0.0075,0.0075,2.5,15:00,15:30,10000,1,RV_IV_Analysis_20260324_200614,50,13,26.0,725.4799999999998,10.946738787397251,24.0,13.0
0.0075,0.0075,2.0,15:00,15:30,10000,1,RV_IV_Analysis_20260324_195806,50,21,42.0,534.1199999999994,10.692703687228695,26.0,21.0
0.005,0.0075,2.5,14:00,14:30,10000,1,RV_IV_Analysis_20260324_185244,38,9,23.684210526315788,195.38999999999976,10.592136295217603,27.631578947368425,11.842105263157894
0.01,0.005,2.5,14:30,15:00,10000,1,RV_IV_Analysis_20260324_202138,42,14,33.33333333333333,471.56,10.5391824016067,23.809523809523807,16.666666666666664
0.005,0.0065,2.0,12:00,12:30,10000,1,RV_IV_Analysis_20260324_182625,27,11,40.74074074074074,151.25999999999988,10.533040225237608,27.77777777777778,20.37037037037037
0.01,0.0075,2.5,13:00,13:30,10000,1,RV_IV_Analysis_20260324_211545,56,18,32.142857142857146,-78.23000000000002,10.394456998396668,22.321428571428573,16.071428571428573
0.01,0.0055,2.0,15:00,15:30,10000,1,RV_IV_Analysis_20260324_203531,47,20,42.5531914893617,452.96,10.318010170437606,25.53191489361702,21.27659574468085
0.005,0.0065,2.0,14:00,14:30,10000,1,RV_IV_Analysis_20260324_182820,29,10,34.48275862068966,-62.10000000000022,10.27257382603697,27.58620689655172,17.24137931034483
0.01,0.005,2.5,12:00,12:30,10000,1,RV_IV_Analysis_20260324_201926,38,11,28.947368421052637,232.2599999999998,10.0988535025051,22.36842105263158,14.473684210526317
0.0075,0.0065,2.5,10:00,10:30,10000,1,RV_IV_Analysis_20260324_194319,38,11,28.947368421052637,104.29999999999978,10.09099505451103,23.684210526315788,14.473684210526317
0.01,0.0065,2.5,12:00,12:30,10000,1,RV_IV_Analysis_20260324_205634,49,15,30.612244897959183,349.86999999999966,10.06482358217236,22.448979591836736,15.306122448979592
0.0075,0.0055,2.0,12:30,13:00,10000,1,RV_IV_Analysis_20260324_192123,31,14,45.16129032258064,169.86000000000007,9.806320585030486,24.193548387096776,22.58064516129032
0.00375,0.0065,1.5,09:30,10:00,10000,1,RV_IV_Analysis_20260324_051508,16,9,56.25,192.95,9.687314842611876,37.5,28.125
0.0075,0.0055,2.5,11:00,11:30,10000,1,RV_IV_Analysis_20260324_192523,27,8,29.629629629629623,25.949999999999875,9.634224685967142,22.22222222222222,14.814814814814811
0.01,0.005,2.5,15:00,15:30,10000,1,RV_IV_Analysis_20260324_202204,45,13,28.88888888888889,372.0999999999997,9.58565387659378,23.33333333333333,14.444444444444445
0.0075,0.0065,2.5,14:30,15:00,10000,1,RV_IV_Analysis_20260324_194715,46,14,30.434782608695656,351.3499999999997,9.443143326628736,22.82608695652174,15.217391304347828
0.0075,0.0075,2.0,14:30,15:00,10000,1,RV_IV_Analysis_20260324_195740,50,20,40.0,382.80999999999983,9.432970524437009,26.0,20.0
0.005,0.0065,2.5,10:30,11:00,10000,1,RV_IV_Analysis_20260324_183038,23,5,21.73913043478261,-53.46000000000015,9.406809581951176,26.08695652173913,10.869565217391305
0.01,0.0055,2.0,12:00,12:30,10000,1,RV_IV_Analysis_20260324_203255,45,20,44.44444444444444,175.7599999999998,9.395142744403437,26.666666666666668,22.22222222222222
0.0075,0.0075,2.0,12:30,13:00,10000,1,RV_IV_Analysis_20260324_195556,45,19,42.22222222222222,397.4,9.293955775898684,27.77777777777778,21.11111111111111
0.01,0.0065,2.5,13:30,14:00,10000,1,RV_IV_Analysis_20260324_205751,53,17,32.075471698113205,291.24999999999994,9.119263648750223,22.641509433962263,16.037735849056602
0.0075,0.0075,2.5,13:30,14:00,10000,1,RV_IV_Analysis_20260324_200454,53,15,28.30188679245283,462.1899999999996,9.10988998911906,23.58490566037736,14.150943396226417
0.005,0.0075,1.5,15:00,15:30,10000,1,RV_IV_Analysis_20260324_184005,41,22,53.65853658536586,197.4200000000001,9.091079372633237,32.926829268292686,28.04878048780488
0.01,0.005,2.0,13:00,13:30,10000,1,RV_IV_Analysis_20260324_201502,40,18,45.0,192.72,8.960592827736908,23.75,22.5
0.01,0.0055,2.5,11:00,11:30,10000,1,RV_IV_Analysis_20260324_203718,40,11,27.500000000000004,-49.97000000000011,8.954605071279584,20.0,13.750000000000002
0.01,0.0055,1.5,14:30,15:00,10000,1,RV_IV_Analysis_20260324_202951,49,28,57.14285714285714,296.14,8.889737974388323,32.6530612244898,29.59183673469388
0.01,0.0065,2.0,12:00,12:30,10000,1,RV_IV_Analysis_20260324_205130,49,21,42.85714285714285,179.72999999999985,8.81158335531727,26.53061224489796,21.428571428571427
0.005,0.0075,2.0,11:00,11:30,10000,1,RV_IV_Analysis_20260324_184152,34,13,38.23529411764706,160.29999999999993,8.778897607752548,27.94117647058824,19.11764705882353
0.0075,0.0055,2.5,13:00,13:30,10000,1,RV_IV_Analysis_20260324_192711,31,9,29.03225806451613,153.35000000000002,8.769693391405822,24.193548387096776,14.516129032258066
0.0075,0.005,2.5,11:30,12:00,10000,1,RV_IV_Analysis_20260324_190650,25,8,32.0,100.41999999999996,8.735969846403398,22.0,16.0
0.00375,0.0075,1.5,15:00,15:30,10000,1,RV_IV_Analysis_20260324_064354,30,17,56.66666666666666,157.95999999999998,8.729795340544095,35.0,28.33333333333333
0.0075,0.0065,2.0,13:00,13:30,10000,1,RV_IV_Analysis_20260324_194042,42,16,38.095238095238095,419.7099999999999,8.642465323964354,26.190476190476197,19.047619047619047
0.0075,0.0055,1.5,14:30,15:00,10000,1,RV_IV_Analysis_20260324_191749,36,21,58.333333333333336,223.1099999999997,8.570373212653871,30.55555555555556,29.166666666666668
0.005,0.0065,2.5,11:00,11:30,10000,1,RV_IV_Analysis_20260324_183105,26,6,23.07692307692308,90.55,8.56486517602421,25.0,11.538461538461538
0.0075,0.0065,2.0,12:30,13:00,10000,1,RV_IV_Analysis_20260324_194016,41,17,41.46341463414634,180.6899999999997,8.528426823376227,26.82926829268293,20.73170731707317
0.005,0.0075,2.5,13:30,14:00,10000,1,RV_IV_Analysis_20260324_185217,35,9,25.71428571428571,191.1099999999996,8.489784931465792,27.142857142857142,12.857142857142856
0.01,0.0065,2.5,11:00,11:30,10000,1,RV_IV_Analysis_20260324_205543,46,12,26.08695652173913,-34.05000000000007,8.417164827115549,20.65217391304348,13.043478260869565
0.00375,0.0065,1.5,10:30,11:00,10000,1,RV_IV_Analysis_20260324_051905,16,10,62.5,158.19000000000003,8.395383403939533,37.5,31.25
0.0075,0.0055,1.5,15:00,15:30,10000,1,RV_IV_Analysis_20260324_191815,37,22,59.45945945945946,276.77999999999963,8.380199279143062,31.08108108108108,29.72972972972973
0.0075,0.0065,2.0,12:00,12:30,10000,1,RV_IV_Analysis_20260324_193950,38,15,39.47368421052632,128.85000000000002,8.369288160177737,28.947368421052637,19.73684210526316
0.005,0.0065,1.5,09:30,10:00,10000,1,RV_IV_Analysis_20260324_133628,25,15,60.0,250.15999999999983,8.341942042958788,36.0,30.0
0.0075,0.0075,2.5,10:30,11:00,10000,1,RV_IV_Analysis_20260324_200221,44,12,27.27272727272727,-178.71999999999986,8.22728079350533,23.863636363636363,13.636363636363637
0.005,0.0065,2.5,14:30,15:00,10000,1,RV_IV_Analysis_20260324_183414,29,7,24.13793103448276,-3.260000000000133,8.200950533604743,24.13793103448276,12.06896551724138
0.01,0.005,1.5,14:30,15:00,10000,1,RV_IV_Analysis_20260324_201103,42,24,57.14285714285714,282.3999999999999,8.190258514839963,32.142857142857146,29.761904761904763
0.005,0.0065,2.0,11:30,12:00,10000,1,RV_IV_Analysis_20260324_182556,26,12,46.15384615384615,5.260000000000019,8.163011378125406,28.846153846153843,23.07692307692308
0.005,0.0065,1.5,15:00,15:30,10000,1,RV_IV_Analysis_20260324_182332,29,17,58.620689655172406,76.51999999999991,8.061527286995645,31.03448275862069,29.310344827586203
0.0075,0.005,2.5,11:00,11:30,10000,1,RV_IV_Analysis_20260324_190623,25,7,28.000000000000004,-21.100000000000023,8.02554965325369,22.0,14.000000000000002
0.0075,0.0075,2.0,13:00,13:30,10000,1,RV_IV_Analysis_20260324_195622,48,19,39.58333333333333,596.13,7.917548763103028,26.041666666666668,19.791666666666664
0.0025,0.0075,2.0,13:30,14:00,10000,1,RV_IV_Analysis_20260324_021216,21,7,33.33333333333333,21.69999999999992,7.839615766535422,30.952380952380956,16.666666666666664
0.01,0.005,2.0,12:00,12:30,10000,1,RV_IV_Analysis_20260324_201409,38,16,42.10526315789473,9.809999999999746,7.83777851850377,26.31578947368421,21.052631578947366
0.00375,0.0065,1.5,14:30,15:00,10000,1,RV_IV_Analysis_20260324_053718,19,12,63.1578947368421,105.2599999999998,7.745553412323171,34.21052631578947,31.57894736842105
0.005,0.0065,2.0,10:30,11:00,10000,1,RV_IV_Analysis_20260324_182458,23,10,43.47826086956522,-71.49999999999986,7.608715034433272,28.26086956521739,21.73913043478261
0.01,0.0065,2.0,11:30,12:00,10000,1,RV_IV_Analysis_20260324_205106,48,21,43.75,98.35999999999996,7.57873819383058,25.0,21.875
0.01,0.0075,2.5,12:30,13:00,10000,1,RV_IV_Analysis_20260324_211522,57,17,29.82456140350877,190.29000000000005,7.527493121014679,22.807017543859647,14.912280701754383
0.0075,0.0065,2.0,14:30,15:00,10000,1,RV_IV_Analysis_20260324_194200,46,18,39.130434782608695,183.49999999999997,7.503738303456074,25.0,19.565217391304348
0.01,0.0065,2.0,13:00,13:30,10000,1,RV_IV_Analysis_20260324_205219,52,23,44.230769230769226,258.0800000000001,7.502756804730548,24.03846153846154,22.115384615384613
0.0075,0.005,2.0,12:00,12:30,10000,1,RV_IV_Analysis_20260324_190151,24,12,50.0,22.13999999999996,7.334963284508572,29.166666666666668,25.0
0.005,0.0075,2.5,13:00,13:30,10000,1,RV_IV_Analysis_20260324_185151,34,8,23.52941176470588,81.10999999999996,7.299083250277249,26.47058823529412,11.76470588235294
0.0075,0.005,1.5,15:00,15:30,10000,1,RV_IV_Analysis_20260324_185908,30,18,60.0,147.20999999999987,7.256373256442761,31.666666666666664,30.0
0.0075,0.005,2.5,09:30,10:00,10000,1,RV_IV_Analysis_20260324_190459,24,8,33.33333333333333,79.14999999999989,7.231284564909552,27.08333333333333,16.666666666666664
0.0025,0.0075,1.5,13:30,14:00,10000,1,RV_IV_Analysis_20260324_014758,21,13,61.90476190476191,1.849999999999966,7.070604808528279,35.714285714285715,30.952380952380956
0.005,0.0075,2.0,14:00,14:30,10000,1,RV_IV_Analysis_20260324_184728,38,14,36.84210526315789,16.439999999999714,7.061835609747762,28.947368421052637,18.421052631578945
0.0075,0.0065,2.0,11:30,12:00,10000,1,RV_IV_Analysis_20260324_193924,37,15,40.54054054054054,119.96999999999998,6.966562877810302,27.027027027027028,20.27027027027027
0.00375,0.0075,2.0,10:30,11:00,10000,1,RV_IV_Analysis_20260324_064904,24,10,41.66666666666667,82.88999999999993,6.946426244019499,31.25,20.833333333333336
0.00375,0.0075,2.5,14:30,15:00,10000,1,RV_IV_Analysis_20260324_072424,31,6,19.35483870967742,40.359999999999786,6.782402423400021,27.41935483870968,9.67741935483871
0.00375,0.0075,2.0,14:30,15:00,10000,1,RV_IV_Analysis_20260324_070233,31,11,35.483870967741936,112.61999999999988,6.688191138522819,29.03225806451613,17.741935483870968
0.0075,0.0055,2.5,13:30,14:00,10000,1,RV_IV_Analysis_20260324_192738,33,9,27.27272727272727,36.09999999999983,6.55454402696532,22.727272727272727,13.636363636363637
0.01,0.0055,2.0,12:30,13:00,10000,1,RV_IV_Analysis_20260324_203321,45,19,42.22222222222222,95.81999999999977,6.471353067856324,25.555555555555557,21.11111111111111
0.00375,0.0075,2.0,11:00,11:30,10000,1,RV_IV_Analysis_20260324_065048,26,9,34.61538461538461,-144.64999999999998,6.413643631372707,26.923076923076923,17.307692307692307
0.01,0.0055,2.0,11:30,12:00,10000,1,RV_IV_Analysis_20260324_203228,43,18,41.86046511627907,-100.38000000000017,6.394629070064787,24.418604651162788,20.930232558139537
0.0025,0.0075,1.5,09:30,10:00,10000,1,RV_IV_Analysis_20260324_013304,18,10,55.55555555555556,79.84999999999988,6.3886685120039335,38.88888888888889,27.77777777777778
0.005,0.0065,2.5,13:00,13:30,10000,1,RV_IV_Analysis_20260324_183253,25,7,28.000000000000004,79.30999999999999,6.34781646666996,24.0,14.000000000000002
0.0025,0.0075,2.0,14:00,14:30,10000,1,RV_IV_Analysis_20260324_021352,21,7,33.33333333333333,94.32000000000008,6.323093515959807,30.952380952380956,16.666666666666664
0.01,0.0055,1.5,15:00,15:30,10000,1,RV_IV_Analysis_20260324_203017,47,27,57.44680851063831,147.95999999999987,6.177586271501126,30.851063829787236,29.78723404255319
0.0075,0.0075,1.5,14:30,15:00,10000,1,RV_IV_Analysis_20260324_195228,50,29,57.99999999999999,185.69999999999985,6.143041003846415,31.0,30.0
0.005,0.0075,1.5,12:00,12:30,10000,1,RV_IV_Analysis_20260324_183725,36,19,52.77777777777778,-151.81000000000006,6.083899640648565,31.944444444444443,26.38888888888889
0.01,0.0075,2.5,12:00,12:30,10000,1,RV_IV_Analysis_20260324_211156,57,16,28.07017543859649,34.309999999999604,6.001124682647439,22.807017543859647,14.035087719298245
0.005,0.0075,1.5,13:30,14:00,10000,1,RV_IV_Analysis_20260324_183844,35,18,51.42857142857142,150.80999999999975,5.953490760325837,32.857142857142854,25.71428571428571
0.0075,0.0075,2.5,14:00,14:30,10000,1,RV_IV_Analysis_20260324_200520,52,14,26.923076923076923,326.3199999999995,5.569081809003048,22.115384615384613,13.461538461538462
0.00375,0.0075,1.5,12:30,13:00,10000,1,RV_IV_Analysis_20260324_063525,25,14,56.00000000000001,50.94999999999988,5.531241072924515,32.0,28.000000000000004
0.005,0.0075,1.5,09:30,10:00,10000,1,RV_IV_Analysis_20260324_183508,29,16,55.172413793103445,70.85999999999984,5.528728803005189,34.48275862068966,27.58620689655172
0.005,0.0055,1.5,09:30,10:00,10000,1,RV_IV_Analysis_20260324_083958,15,8,53.333333333333336,59.00999999999991,5.411070701438446,33.33333333333333,26.666666666666668
0.0075,0.0075,2.5,10:00,10:30,10000,1,RV_IV_Analysis_20260324_200156,46,12,26.08695652173913,-101.69,5.409656565023719,22.82608695652174,13.043478260869565
0.005,0.0075,2.0,13:00,13:30,10000,1,RV_IV_Analysis_20260324_184636,34,12,35.294117647058826,62.21000000000015,5.30124172831525,27.94117647058824,17.647058823529413
0.01,0.005,2.0,15:00,15:30,10000,1,RV_IV_Analysis_20260324_201647,45,18,40.0,140.25999999999988,5.132067361278571,24.444444444444443,20.0
0.0075,0.0055,1.5,14:00,14:30,10000,1,RV_IV_Analysis_20260324_191722,35,20,57.14285714285714,41.650000000000006,5.105134856254688,31.428571428571427,28.57142857142857
0.00375,0.0075,2.0,13:00,13:30,10000,1,RV_IV_Analysis_20260324_065737,27,10,37.03703703703704,-17.829999999999956,5.087732683784292,27.77777777777778,18.51851851851852
0.0075,0.0075,2.0,12:00,12:30,10000,1,RV_IV_Analysis_20260324_195530,45,17,37.77777777777778,5.05999999999986,5.072420718678469,27.77777777777778,18.88888888888889
0.01,0.0055,2.5,14:00,14:30,10000,1,RV_IV_Analysis_20260324_203955,45,14,31.11111111111111,204.55999999999975,5.004172512724704,21.11111111111111,15.555555555555555
0.0075,0.0075,2.0,11:30,12:00,10000,1,RV_IV_Analysis_20260324_195504,45,18,40.0,7.129999999999882,4.953594484965641,27.77777777777778,20.0
0.005,0.0065,1.5,12:30,13:00,10000,1,RV_IV_Analysis_20260324_182112,25,14,56.00000000000001,28.75999999999988,4.732493390167027,30.0,28.000000000000004
0.0075,0.0065,1.5,14:00,14:30,10000,1,RV_IV_Analysis_20260324_193324,42,24,57.14285714285714,176.81999999999982,4.719375678726662,30.952380952380956,28.57142857142857
0.00375,0.0075,1.5,12:00,12:30,10000,1,RV_IV_Analysis_20260324_063343,27,15,55.55555555555556,-7.550000000000182,4.7052012506435625,31.48148148148148,27.77777777777778
0.01,0.0065,2.5,15:00,15:30,10000,1,RV_IV_Analysis_20260324_205908,55,15,27.27272727272727,50.669999999999845,4.62758063561989,23.63636363636364,13.636363636363637
0.0075,0.0065,2.0,14:00,14:30,10000,1,RV_IV_Analysis_20260324_194134,42,17,40.47619047619048,205.91999999999987,4.401844836058779,25.0,20.23809523809524
0.01,0.0075,2.0,12:00,12:30,10000,1,RV_IV_Analysis_20260324_210650,57,23,40.35087719298245,-166.7800000000001,4.391365533532735,26.31578947368421,20.175438596491222
0.01,0.005,1.5,11:00,11:30,10000,1,RV_IV_Analysis_20260324_200759,36,20,55.55555555555556,-100.8900000000001,4.367307902949498,27.77777777777778,27.77777777777778
0.005,0.0075,2.0,13:30,14:00,10000,1,RV_IV_Analysis_20260324_184702,35,12,34.285714285714285,65.7099999999997,4.309434299105072,28.57142857142857,17.142857142857142
0.005,0.0065,1.5,12:00,12:30,10000,1,RV_IV_Analysis_20260324_182043,27,15,55.55555555555556,-96.1400000000001,4.305344007567958,29.629629629629623,27.77777777777778
0.005,0.0075,1.5,14:30,15:00,10000,1,RV_IV_Analysis_20260324_183938,39,21,53.84615384615385,187.20999999999972,4.2930395831139725,32.05128205128205,28.205128205128204
0.0075,0.0065,1.5,15:00,15:30,10000,1,RV_IV_Analysis_20260324_193716,46,26,56.52173913043478,135.0899999999997,4.244925388206339,30.434782608695656,29.347826086956523
0.0075,0.0055,2.5,14:00,14:30,10000,1,RV_IV_Analysis_20260324_192805,35,10,28.57142857142857,17.75000000000003,4.227315602242678,21.428571428571427,14.285714285714285
0.0075,0.0065,1.5,13:00,13:30,10000,1,RV_IV_Analysis_20260324_193232,42,23,54.761904761904766,115.39999999999992,4.206069214119448,29.761904761904763,27.380952380952383
0.005,0.0075,1.5,12:30,13:00,10000,1,RV_IV_Analysis_20260324_183751,36,19,52.77777777777778,-99.93999999999988,4.167554013522862,31.944444444444443,26.38888888888889
0.01,0.005,1.5,15:00,15:30,10000,1,RV_IV_Analysis_20260324_201130,45,24,53.333333333333336,21.90999999999974,4.143166777853518,30.0,27.77777777777778
0.00375,0.0075,2.0,10:00,10:30,10000,1,RV_IV_Analysis_20260324_064715,23,9,39.130434782608695,153.54999999999984,4.064607999866093,30.434782608695656,19.565217391304348
0.005,0.0075,2.0,10:00,10:30,10000,1,RV_IV_Analysis_20260324_184058,32,12,37.5,-300.04000000000025,4.040619669459453,26.5625,18.75
0.00375,0.0075,1.5,11:30,12:00,10000,1,RV_IV_Analysis_20260324_063205,27,14,51.85185185185185,-123.48000000000025,4.022324916732135,31.48148148148148,25.925925925925924
0.01,0.0075,2.5,11:30,12:00,10000,1,RV_IV_Analysis_20260324_211130,57,16,28.07017543859649,-618.5300000000001,4.006525765537319,21.929824561403507,14.035087719298245
0.0075,0.0055,1.5,11:30,12:00,10000,1,RV_IV_Analysis_20260324_191509,29,17,58.620689655172406,157.32999999999993,3.975983939163788,29.310344827586203,29.310344827586203
0.0075,0.005,2.5,10:30,11:00,10000,1,RV_IV_Analysis_20260324_190556,25,8,32.0,-182.0000000000001,3.8772465068284734,24.0,16.0
0.01,0.005,2.0,12:30,13:00,10000,1,RV_IV_Analysis_20260324_201436,40,16,40.0,-73.64000000000016,3.7752844744268095,25.0,20.0
0.0075,0.005,1.5,12:30,13:00,10000,1,RV_IV_Analysis_20260324_185651,25,14,56.00000000000001,98.89999999999992,3.677950819902344,28.000000000000004,28.000000000000004
0.0025,0.0075,1.5,13:00,13:30,10000,1,RV_IV_Analysis_20260324_014604,20,12,60.0,36.559999999999846,3.651535004695725,35.0,30.0
0.0075,0.0065,2.5,09:30,10:00,10000,1,RV_IV_Analysis_20260324_194252,37,11,29.72972972972973,-265.43000000000023,3.531416713587725,25.675675675675677,14.864864864864863
0.005,0.0065,2.5,13:30,14:00,10000,1,RV_IV_Analysis_20260324_183320,27,7,25.925925925925924,-134.04000000000013,3.479590904990715,24.074074074074076,12.962962962962962
0.0075,0.005,2.5,13:00,13:30,10000,1,RV_IV_Analysis_20260324_190812,27,8,29.629629629629623,68.15000000000012,3.28821686685166,22.22222222222222,14.814814814814811
0.00375,0.0075,2.5,14:00,14:30,10000,1,RV_IV_Analysis_20260324_072244,31,6,19.35483870967742,-49.35000000000028,3.23432143056326,25.806451612903224,9.67741935483871
0.0075,0.0065,2.0,13:30,14:00,10000,1,RV_IV_Analysis_20260324_194108,42,15,35.714285714285715,173.01999999999992,3.1954759396985515,23.809523809523807,17.857142857142858
0.00375,0.0065,1.5,10:00,10:30,10000,1,RV_IV_Analysis_20260324_051713,15,9,60.0,95.7599999999999,3.0939233687262133,36.66666666666666,30.0
0.01,0.0055,1.5,11:30,12:00,10000,1,RV_IV_Analysis_20260324_202713,43,24,55.81395348837209,28.249999999999915,2.9384213018167697,29.069767441860467,27.906976744186046
0.01,0.0055,1.5,13:00,13:30,10000,1,RV_IV_Analysis_20260324_202832,43,23,53.48837209302325,76.12000000000003,2.8957939118813085,27.906976744186046,26.744186046511626
0.0075,0.005,2.0,11:30,12:00,10000,1,RV_IV_Analysis_20260324_190124,25,12,48.0,-81.99000000000007,2.8801343422637187,26.0,24.0
0.01,0.0065,2.0,14:30,15:00,10000,1,RV_IV_Analysis_20260324_205335,55,21,38.18181818181819,-115.4500000000001,2.867995022350234,25.454545454545453,19.090909090909093
0.0075,0.0075,2.5,09:30,10:00,10000,1,RV_IV_Analysis_20260324_200132,44,12,27.27272727272727,-264.2300000000005,2.8185949956909564,25.0,13.636363636363637
0.01,0.0055,2.0,13:30,14:00,10000,1,RV_IV_Analysis_20260324_203413,44,18,40.909090909090914,114.19999999999982,2.766328661129802,23.863636363636363,20.454545454545457
0.00375,0.0075,2.0,13:30,14:00,10000,1,RV_IV_Analysis_20260324_065917,28,10,35.714285714285715,-222.15000000000012,2.635601398162001,26.785714285714285,17.857142857142858
0.0075,0.0065,1.5,12:30,13:00,10000,1,RV_IV_Analysis_20260324_193205,41,22,53.65853658536586,-93.35000000000036,2.5747066436901656,29.268292682926827,26.82926829268293
0.01,0.0065,2.0,12:30,13:00,10000,1,RV_IV_Analysis_20260324_205154,49,20,40.81632653061224,-160.70000000000033,2.568839220362182,24.489795918367346,20.40816326530612
0.0075,0.0065,1.5,14:30,15:00,10000,1,RV_IV_Analysis_20260324_193651,46,25,54.34782608695652,-118.7000000000001,2.508348643212694,29.347826086956523,28.26086956521739
0.00375,0.0075,2.0,09:30,10:00,10000,1,RV_IV_Analysis_20260324_064531,25,9,36.0,-94.45000000000007,2.187408774146946,32.0,18.0
0.01,0.0065,2.5,14:30,15:00,10000,1,RV_IV_Analysis_20260324_205842,55,16,29.09090909090909,-111.55000000000013,2.15517628791689,22.727272727272727,14.545454545454543
0.01,0.005,1.5,09:30,10:00,10000,1,RV_IV_Analysis_20260324_200640,35,19,54.285714285714285,107.59999999999977,1.9409114930722224,28.57142857142857,27.142857142857142
0.00375,0.0075,1.5,13:30,14:00,10000,1,RV_IV_Analysis_20260324_063853,28,14,50.0,-279.05000000000007,1.867446854433249,30.35714285714285,25.0
0.0075,0.0055,2.0,13:00,13:30,10000,1,RV_IV_Analysis_20260324_192149,31,12,38.70967741935484,-13.050000000000097,1.8601095839928907,24.193548387096776,19.35483870967742
0.005,0.0075,1.5,11:00,11:30,10000,1,RV_IV_Analysis_20260324_183631,34,19,55.88235294117647,-23.37000000000006,1.8010681869186385,30.88235294117647,27.94117647058824
0.0075,0.0055,1.5,12:00,12:30,10000,1,RV_IV_Analysis_20260324_191535,31,17,54.83870967741935,-54.5000000000002,1.7688551611802792,29.03225806451613,27.41935483870968
0.01,0.005,2.0,11:30,12:00,10000,1,RV_IV_Analysis_20260324_201342,39,15,38.46153846153847,-281.1400000000001,1.7580046517511732,24.35897435897436,19.230769230769237
0.01,0.0065,1.5,12:00,12:30,10000,1,RV_IV_Analysis_20260324_204323,49,28,57.14285714285714,72.27000000000014,1.748001462604189,30.612244897959183,28.57142857142857
0.01,0.005,1.5,13:00,13:30,10000,1,RV_IV_Analysis_20260324_200945,40,21,52.5,16.16999999999973,1.6865284215102725,27.500000000000004,26.25
0.01,0.0055,1.5,13:30,14:00,10000,1,RV_IV_Analysis_20260324_202859,44,23,52.27272727272727,-58.79000000000025,1.6640565529398814,28.40909090909091,26.13636363636364
0.01,0.0065,1.5,11:30,12:00,10000,1,RV_IV_Analysis_20260324_204256,48,27,56.25,0.6499999999998067,1.5494324987951795,29.166666666666668,28.125
0.0075,0.005,2.0,14:30,15:00,10000,1,RV_IV_Analysis_20260324_190406,30,12,40.0,-88.45000000000013,1.476208872893559,23.33333333333333,20.0
0.01,0.005,1.5,13:30,14:00,10000,1,RV_IV_Analysis_20260324_201011,41,21,51.21951219512195,-97.05000000000008,1.3727463773143544,28.04878048780488,25.60975609756097
0.0075,0.0075,1.5,15:00,15:30,10000,1,RV_IV_Analysis_20260324_195253,50,28,56.00000000000001,-48.51000000000039,1.363519493002123,30.0,29.0
0.005,0.0075,1.5,11:30,12:00,10000,1,RV_IV_Analysis_20260324_183658,33,17,51.51515151515152,-86.92000000000036,1.2231851894297885,30.303030303030305,25.75757575757576
0.0075,0.0075,2.0,11:00,11:30,10000,1,RV_IV_Analysis_20260324_195438,44,17,38.63636363636363,-261.6900000000001,1.059560053549024,26.13636363636364,19.318181818181817
0.0075,0.0065,1.5,13:30,14:00,10000,1,RV_IV_Analysis_20260324_193258,42,21,50.0,-41.13000000000005,1.0121351816342856,27.380952380952383,26.190476190476197
0.01,0.0065,2.0,13:30,14:00,10000,1,RV_IV_Analysis_20260324_205245,53,21,39.62264150943396,15.390000000000157,0.9633100683538492,23.58490566037736,19.81132075471698
0.01,0.005,2.0,13:30,14:00,10000,1,RV_IV_Analysis_20260324_201528,41,17,41.46341463414634,-21.350000000000023,0.8785598174840764,23.170731707317078,20.73170731707317
0.0075,0.005,2.0,10:00,10:30,10000,1,RV_IV_Analysis_20260324_190002,22,10,45.45454545454545,-140.20000000000005,0.844834153519868,25.0,22.727272727272727
0.0075,0.0065,1.5,12:00,12:30,10000,1,RV_IV_Analysis_20260324_193139,38,20,52.63157894736842,-89.54000000000022,0.8342137874826134,30.26315789473684,26.31578947368421
0.01,0.0065,2.0,11:00,11:30,10000,1,RV_IV_Analysis_20260324_204740,46,18,39.130434782608695,-428.95000000000016,0.7874711556103805,22.82608695652174,19.565217391304348
0.005,0.0065,1.5,14:30,15:00,10000,1,RV_IV_Analysis_20260324_182304,29,16,55.172413793103445,-111.20000000000016,0.7685601125039816,29.310344827586203,27.58620689655172
0.005,0.0075,1.5,14:00,14:30,10000,1,RV_IV_Analysis_20260324_183911,38,19,50.0,-187.40000000000023,0.7098366584371794,31.57894736842105,25.0
0.0025,0.0075,1.5,14:00,14:30,10000,1,RV_IV_Analysis_20260324_014953,21,12,57.14285714285714,-95.88000000000012,0.6492960931052034,33.33333333333333,28.57142857142857
0.01,0.0055,1.5,12:00,12:30,10000,1,RV_IV_Analysis_20260324_202739,45,25,55.55555555555556,-2.2500000000000995,0.5716528237149876,30.0,27.77777777777778
0.01,0.0055,2.0,11:00,11:30,10000,1,RV_IV_Analysis_20260324_203202,40,15,37.5,-413.8700000000001,0.5439403149063565,22.5,18.75
0.01,0.005,2.0,11:00,11:30,10000,1,RV_IV_Analysis_20260324_201316,36,13,36.11111111111111,-385.8400000000002,0.4262473189582283,22.22222222222222,18.055555555555557
0.0075,0.0065,2.0,11:00,11:30,10000,1,RV_IV_Analysis_20260324_193858,38,14,36.84210526315789,-249.90000000000012,0.4224174269222089,26.31578947368421,18.421052631578945
0.01,0.0065,1.5,12:30,13:00,10000,1,RV_IV_Analysis_20260324_204348,49,27,55.10204081632652,-94.4500000000002,0.3808435665538528,29.59183673469388,27.55102040816326
0.01,0.005,2.5,09:30,10:00,10000,1,RV_IV_Analysis_20260324_201714,35,11,31.428571428571427,-97.16000000000008,0.339609380190112,17.142857142857142,15.714285714285714
0.0075,0.0075,1.5,11:30,12:00,10000,1,RV_IV_Analysis_20260324_194952,45,24,53.333333333333336,-41.700000000000045,0.2999883902085681,31.11111111111111,26.666666666666668
0.0075,0.0055,2.0,14:00,14:30,10000,1,RV_IV_Analysis_20260324_192243,35,13,37.142857142857146,-157.05000000000007,0.2909076207764329,24.285714285714285,18.571428571428573
0.005,0.0065,1.5,14:00,14:30,10000,1,RV_IV_Analysis_20260324_182237,29,15,51.72413793103448,-300.6900000000001,0.2815593876361332,29.310344827586203,25.86206896551724
0.0075,0.005,2.5,13:30,14:00,10000,1,RV_IV_Analysis_20260324_191140,29,8,27.58620689655172,-207.80000000000013,0.2089090907246845,20.689655172413797,13.79310344827586
0.01,0.0065,1.5,14:30,15:00,10000,1,RV_IV_Analysis_20260324_204531,55,30,54.54545454545454,-293.92000000000013,0.0401168733999503,30.0,28.18181818181818
0.01,0.005,2.5,14:00,14:30,10000,1,RV_IV_Analysis_20260324_202111,40,11,27.500000000000004,-131.76000000000022,0.0079676134498001,20.0,13.750000000000002
