expiry,strike_price,option_type,instrument_key,underlying_spot_price,pcr,ltp,volume,oi,close_price,bid_price,bid_qty,ask_price,ask_qty,prev_oi,vega,theta,gamma,delta,iv,pop
2026-06-16,21200.0,CE,NSE_FO|50435,23989.15,5253.8333,2328.55,0,390.0,2328.55,2760.0,780,2860.6,1690,130.0,0.0,0.0,0.0,1.0,0.0,99.0
2026-06-16,21200.0,PE,NSE_FO|50436,23989.15,5253.8333,0.05,10906870,2048995.0,0.45,0.0,0,0.05,115895,4676815.0,0.0,0.0,0.0,0.0,500.0,0.0
2026-06-16,21250.0,CE,NSE_FO|50437,23989.15,1495.75,2281.55,0,260.0,2281.55,2686.7,780,2799.0,780,65.0,0.0,0.0,0.0,1.0,0.0,99.0
2026-06-16,21250.0,PE,NSE_FO|50438,23989.15,1495.75,0.05,2277210,388895.0,0.45,0.0,0,0.1,3965,828360.0,0.0,0.0,0.0,0.0,500.0,0.0
2026-06-16,21300.0,CE,NSE_FO|50439,23989.15,1449.0,2229.25,0,390.0,2229.25,2632.9,780,2746.75,1690,65.0,0.0,0.0,0.0,1.0,0.0,99.0
2026-06-16,21300.0,PE,NSE_FO|50440,23989.15,1449.0,0.05,3760900,565110.0,0.55,0.0,0,0.05,3705,1254565.0,0.0,0.0,0.0,0.0,500.0,0.0
2026-06-16,21350.0,CE,NSE_FO|50441,23989.15,4366.0,2150.8,0,65.0,2155.75,2589.9,780,2697.15,780,65.0,0.0,0.0,0.0,1.0,0.0,99.0
2026-06-16,21350.0,PE,NSE_FO|50442,23989.15,4366.0,0.05,563745,283790.0,0.5,0.0,0,0.05,20540,309205.0,0.0,0.0,0.0,0.0,500.0,0.0
2026-06-16,21400.0,CE,NSE_FO|50450,23989.15,3765.5,1932.8,0,130.0,1932.8,2356.05,130,2794.3,780,130.0,0.0,0.0,0.0,1.0,0.0,99.0
2026-06-16,21400.0,PE,NSE_FO|50451,23989.15,3765.5,0.05,2125045,489515.0,0.55,0.0,0,0.05,17940,931125.0,0.0,0.0,0.0,0.0,500.0,0.0
2026-06-16,21450.0,CE,NSE_FO|50452,23989.15,1901.0,2063.25,0,65.0,2068.4,2499.2,780,2610.7,1690,65.0,0.0,0.0,0.0,1.0,0.0,99.0
2026-06-16,21450.0,PE,NSE_FO|50453,23989.15,1901.0,0.05,533975,123565.0,0.6,0.0,0,0.05,2730,106600.0,0.0,0.0,0.0,0.0,500.0,0.0
2026-06-16,21500.0,CE,NSE_FO|50454,23989.15,774.5769,2500.0,715,1690.0,2377.5,2490.0,260,2495.15,130,1690.0,0.0,0.0,0.0,1.0,0.0,0.0
2026-06-16,21500.0,PE,NSE_FO|50455,23989.15,774.5769,0.05,9846850,1309035.0,0.7,0.0,0,0.05,9100,4122365.0,0.0,0.0,0.0,0.0,500.0,0.0
2026-06-16,21550.0,CE,NSE_FO|50456,23989.15,1691.0,1963.7,0,65.0,1967.75,2412.3,130,2461.05,65,65.0,0.0,0.0,0.0,1.0,0.0,99.0
2026-06-16,21550.0,PE,NSE_FO|50457,23989.15,1691.0,0.05,402090,109915.0,0.6,0.0,0,0.05,975,80210.0,0.0,0.0,0.0,0.0,500.0,0.0
2026-06-16,21600.0,CE,NSE_FO|50458,23989.15,3760.0,1914.3,0,65.0,1918.3,2358.85,780,2459.75,780,65.0,0.0,0.0,0.0,1.0,0.0,99.0
2026-06-16,21600.0,PE,NSE_FO|50459,23989.15,3760.0,0.05,1524185,244400.0,0.65,0.0,0,0.05,15275,618865.0,0.0,0.0,0.0,0.0,500.0,0.0
2026-06-16,21650.0,CE,NSE_FO|50460,23989.15,1764.0,2357.4,0,65.0,2357.4,2286.45,780,2527.7,780,65.0,0.0,0.0,0.0,1.0,0.0,0.0
2026-06-16,21650.0,PE,NSE_FO|50461,23989.15,1764.0,0.05,619515,114660.0,0.65,0.0,0,0.1,3575,128505.0,0.0,0.0,0.0,0.0,500.0,0.0
2026-06-16,21700.0,CE,NSE_FO|50463,23989.15,5300.0,1802.5,0,65.0,1805.35,2253.95,780,2355.3,780,65.0,0.0,0.0,0.0,1.0,0.0,99.0
2026-06-16,21700.0,PE,NSE_FO|50464,23989.15,5300.0,0.05,1590485,344500.0,0.65,0.0,0,0.05,520,533325.0,0.0,0.0,0.0,0.0,500.0,0.0
2026-06-16,21750.0,CE,NSE_FO|50465,23989.15,1578.0,1756.15,0,65.0,1760.35,2211.75,130,2260.1,65,65.0,0.0,0.0,0.0,1.0,0.0,99.0
2026-06-16,21750.0,PE,NSE_FO|50466,23989.15,1578.0,0.05,698490,102570.0,0.7,0.0,0,0.05,325,175760.0,0.0,0.0,0.0,0.0,500.0,0.0
2026-06-16,21800.0,CE,NSE_FO|50467,23989.15,5900.5,1613.4,0,130.0,1613.4,1986.75,130,2368.65,780,130.0,0.0,0.0,0.0,1.0,0.0,99.0
2026-06-16,21800.0,PE,NSE_FO|50468,23989.15,5900.5,0.05,5648370,767065.0,0.7,0.0,0,0.05,27885,1429675.0,0.0,0.0,0.0,0.0,500.0,0.0
2026-06-16,21850.0,CE,NSE_FO|50469,23989.15,3098.0,1654.45,0,65.0,1657.6,2116.15,130,2208.1,780,65.0,0.0,0.0,0.0,1.0,0.0,99.0
2026-06-16,21850.0,PE,NSE_FO|50470,23989.15,3098.0,0.05,943085,201370.0,0.6,0.0,0,0.05,390,277160.0,0.0,0.0,0.0,0.0,500.0,0.0
2026-06-16,21900.0,CE,NSE_FO|50471,23989.15,1806.6667,1451.0,0,195.0,1451.0,2040.15,780,2156.8,780,195.0,0.0,0.0,0.0,1.0,0.0,99.0
2026-06-16,21900.0,PE,NSE_FO|50472,23989.15,1806.6667,0.05,1901185,352300.0,0.65,0.0,0,0.05,1495,515385.0,0.0,0.0,0.0,0.0,500.0,0.0
2026-06-16,21950.0,CE,NSE_FO|50473,23989.15,4190.0,1571.5,0,65.0,1575.4,1998.25,780,2108.4,780,65.0,0.0,0.0,0.0,1.0,0.0,99.0
2026-06-16,21950.0,PE,NSE_FO|50474,23989.15,4190.0,0.05,1745250,272350.0,0.7,0.0,0,0.05,520,325260.0,0.0,0.0,0.0,0.0,500.0,0.0
2026-06-16,22000.0,CE,NSE_FO|50475,23989.15,78.6824,1987.6,14235,31720.0,1870.95,1984.75,260,1990.3,260,36270.0,0.0,0.0,0.0,1.0,0.0,99.0
2026-06-16,22000.0,PE,NSE_FO|50476,23989.15,78.6824,0.05,16400605,2495805.0,0.75,0.0,0,0.05,29445,4930185.0,0.0,0.0,0.0,0.0,500.0,0.0
2026-06-16,22050.0,CE,NSE_FO|50477,23989.15,1760.5,1336.05,0,130.0,1336.05,1887.25,780,2008.4,780,65.0,0.0,0.0,0.0,1.0,0.0,99.0
2026-06-16,22050.0,PE,NSE_FO|50478,23989.15,1760.5,0.05,1912040,228865.0,0.75,0.0,0,0.05,3380,350675.0,0.0,0.0,0.0,0.0,500.0,0.0
2026-06-16,22100.0,CE,NSE_FO|50479,23989.15,1387.125,1055.0,0,520.0,1055.0,1866.9,130,2052.3,780,520.0,0.0,0.0,0.0,1.0,0.0,99.0
2026-06-16,22100.0,PE,NSE_FO|50480,23989.15,1387.125,0.05,6574620,721305.0,0.8,0.0,0,0.05,54795,1645605.0,0.0,0.0,0.0,0.0,500.0,0.0
2026-06-16,22150.0,CE,NSE_FO|50483,23989.15,578.2,1773.1,65,325.0,1380.35,1795.55,780,1900.7,780,325.0,0.0,0.0,0.0,1.0,0.0,99.0
2026-06-16,22150.0,PE,NSE_FO|50484,23989.15,578.2,0.05,1114815,187915.0,0.8,0.0,0,0.05,13780,316615.0,0.0,0.0,0.0,0.0,500.0,0.0
2026-06-16,22200.0,CE,NSE_FO|50485,23989.15,503.8611,1740.6,65,2340.0,1775.0,1779.5,130,1858.85,780,2340.0,0.0,0.0,0.0,1.0,0.0,99.0
2026-06-16,22200.0,PE,NSE_FO|50486,23989.15,503.8611,0.05,7040085,1179035.0,0.8,0.0,0,0.05,95745,1799135.0,0.0,0.0,0.0,0.0,500.0,0.0
2026-06-16,22250.0,CE,NSE_FO|50493,23989.15,348.7419,1285.2,0,2015.0,1285.2,1697.1,780,1809.3,780,2080.0,0.0,0.0,0.0,1.0,0.0,99.0
2026-06-16,22250.0,PE,NSE_FO|50494,23989.15,348.7419,0.05,2565225,702715.0,0.95,0.0,0,0.05,9945,632840.0,0.0,0.0,0.0,0.0,500.0,0.0
2026-06-16,22300.0,CE,NSE_FO|50495,23989.15,358.3333,1684.9,910,2730.0,1589.0,1685.6,130,1690.25,260,2730.0,0.0,0.0,0.0,1.0,0.0,99.0
2026-06-16,22300.0,PE,NSE_FO|50496,23989.15,358.3333,0.05,5794165,978250.0,0.9,0.0,0,0.05,5525,1645085.0,0.0,0.0,0.0,0.0,500.0,0.0
2026-06-16,22350.0,CE,NSE_FO|50497,23989.15,102.1324,1606.75,585,4420.0,1314.0,1629.45,1755,1682.8,780,4680.0,0.0,0.0,0.0,1.0,0.0,99.0
2026-06-16,22350.0,PE,NSE_FO|50498,23989.15,102.1324,0.05,1932320,451425.0,0.95,0.0,0,0.05,25025,489840.0,0.0,0.0,0.0,0.0,500.0,0.0
2026-06-16,22400.0,CE,NSE_FO|50503,23989.15,46.8593,1571.35,2730,25415.0,1462.25,1580.0,260,1669.8,780,25350.0,0.0,0.0,0.0,1.0,0.0,99.0
2026-06-16,22400.0,PE,NSE_FO|50504,23989.15,46.8593,0.05,9521720,1190930.0,1.1,0.0,0,0.05,7085,2369575.0,0.0,0.0,0.0,0.0,500.0,0.0
2026-06-16,22450.0,CE,NSE_FO|50509,23989.15,221.0882,1537.2,325,2210.0,1206.8,1530.4,130,1601.95,780,2145.0,0.0,0.0,0.0,1.0,0.0,99.0
2026-06-16,22450.0,PE,NSE_FO|50510,23989.15,221.0882,0.05,5631015,488605.0,1.05,0.0,0,0.05,31590,524355.0,0.0,0.0,0.0,0.0,500.0,0.0
2026-06-16,22500.0,CE,NSE_FO|50511,23989.15,44.3239,1492.2,56745,89115.0,1375.1,1490.0,325,1492.2,195,112515.0,0.0,0.0,0.0,1.0,0.0,99.0
2026-06-16,22500.0,PE,NSE_FO|50512,23989.15,44.3239,0.05,34377720,3949920.0,1.15,0.0,0,0.05,25090,5826730.0,0.0,0.0,0.0,0.0,500.0,0.0
2026-06-16,22550.0,CE,NSE_FO|50517,23989.15,19.0068,1442.25,1495,19175.0,1316.5,1438.0,65,1442.2,130,19175.0,0.0,0.0,0.0,1.0,0.0,99.0
2026-06-16,22550.0,PE,NSE_FO|50518,23989.15,19.0068,0.05,3221465,364455.0,1.15,0.0,0,0.05,5525,580125.0,0.0,0.0,0.0,0.0,500.0,0.0
2026-06-16,22600.0,CE,NSE_FO|50519,23989.15,31.1311,1390.0,7930,45110.0,1269.95,1387.65,65,1392.05,260,46345.0,0.0,0.0,0.0,1.0,0.0,99.0
2026-06-16,22600.0,PE,NSE_FO|50520,23989.15,31.1311,0.05,10566270,1404325.0,1.25,0.0,0,0.05,29250,1943110.0,0.0,0.0,0.0,0.0,500.0,0.0
2026-06-16,22650.0,CE,NSE_FO|50521,23989.15,21.646,1339.05,16120,34515.0,1283.1,1338.05,260,1342.05,260,36400.0,0.0,0.0,0.0,1.0,0.0,99.0
2026-06-16,22650.0,PE,NSE_FO|50522,23989.15,21.646,0.05,6270485,747110.0,1.4,0.0,0,0.05,51285,748345.0,0.0,0.0,0.0,0.0,500.0,0.0
2026-06-16,22700.0,CE,NSE_FO|50523,23989.15,43.3143,1291.7,37180,58110.0,1179.3,1291.7,65,1291.85,260,68510.0,0.0,0.0,0.0,1.0,0.0,99.0
2026-06-16,22700.0,PE,NSE_FO|50527,23989.15,43.3143,0.05,20514780,2516995.0,1.4,0.0,0,0.05,266955,2917525.0,0.0,0.0,0.0,0.0,500.0,0.0
2026-06-16,22750.0,CE,NSE_FO|50530,23989.15,21.5441,1241.4,3445,38350.0,1113.5,1238.05,325,1241.85,260,37960.0,0.0,0.0,0.0,1.0,0.0,99.0
2026-06-16,22750.0,PE,NSE_FO|50531,23989.15,21.5441,0.05,10252385,826215.0,1.6,0.0,0,0.05,16185,904670.0,0.0,0.0,0.0,0.0,500.0,0.0
2026-06-16,22800.0,CE,NSE_FO|50532,23989.15,32.2702,1191.55,25675,101270.0,1074.45,1187.7,260,1191.65,260,111605.0,0.0,0.0,0.0,1.0,0.0,99.0
2026-06-16,22800.0,PE,NSE_FO|50533,23989.15,32.2702,0.05,43022525,3268005.0,1.7,0.0,0,0.05,197535,5968040.0,0.0,0.0,0.0,0.0,500.0,0.0
2026-06-16,22850.0,CE,NSE_FO|50534,23989.15,22.279,1141.7,5655,49855.0,1031.65,1137.95,260,1141.55,260,49920.0,0.0,0.0,0.0,1.0,0.0,99.0
2026-06-16,22850.0,PE,NSE_FO|50535,23989.15,22.279,0.05,14132040,1110720.0,1.8,0.0,0,0.05,111605,963690.0,0.0,0.0,0.0,0.0,500.0,0.0
2026-06-16,22900.0,CE,NSE_FO|50538,23989.15,38.261,1090.0,127010,141960.0,965.25,1089.3,65,1090.0,2470,185055.0,0.0,0.0,0.0,1.0,0.0,99.0
2026-06-16,22900.0,PE,NSE_FO|50539,23989.15,38.261,0.05,55050450,5431530.0,1.85,0.0,0,0.05,219635,3556540.0,0.0,0.0,0.0,0.0,500.0,0.0
2026-06-16,22950.0,CE,NSE_FO|50542,23989.15,28.7584,1041.0,16835,102245.0,928.75,1038.0,65,1041.0,390,105755.0,0.0,0.0,0.0,1.0,0.0,99.0
2026-06-16,22950.0,PE,NSE_FO|50543,23989.15,28.7584,0.05,26560755,2940405.0,2.05,0.0,0,0.05,211185,1610245.0,0.0,0.0,0.0,0.0,500.0,0.0
2026-06-16,23000.0,CE,NSE_FO|50549,23989.15,18.7591,990.05,523575,470665.0,872.3,988.4,1170,989.95,1495,753610.0,0.0,0.0,0.0,1.0,0.0,99.0
2026-06-16,23000.0,PE,NSE_FO|50550,23989.15,18.7591,0.05,100765405,8829275.0,2.25,0.0,0,0.05,15470,9991020.0,0.0,0.0,0.0,0.0,500.0,0.0
2026-06-16,23050.0,CE,NSE_FO|50552,23989.15,17.2333,940.85,46605,119535.0,825.9,940.0,65,940.85,260,130325.0,0.0,0.0,0.0,1.0,0.0,99.0
2026-06-16,23050.0,PE,NSE_FO|50553,23989.15,17.2333,0.05,26176800,2059980.0,2.4,0.0,0,0.05,11635,1751685.0,0.0,0.0,0.0,0.0,500.0,0.0
2026-06-16,23100.0,CE,NSE_FO|50561,23989.15,13.051,889.0,175370,344045.0,772.0,889.1,1300,890.5,650,383110.0,0.0,0.0,0.0,1.0,0.0,99.0
2026-06-16,23100.0,PE,NSE_FO|50562,23989.15,13.051,0.05,83609630,4490135.0,2.65,0.0,0,0.05,88920,5605665.0,0.0,0.0,0.0,0.0,500.0,0.0
2026-06-16,23150.0,CE,NSE_FO|50563,23989.15,8.1195,840.0,124475,261560.0,721.5,838.05,65,840.0,390,327665.0,0.0,0.0,0.0,1.0,0.0,99.0
2026-06-16,23150.0,PE,NSE_FO|50564,23989.15,8.1195,0.05,33893470,2123745.0,2.9,0.0,0,0.05,19435,2386670.0,0.0,0.0,0.0,0.0,500.0,0.0
2026-06-16,23200.0,CE,NSE_FO|50565,23989.15,6.6456,789.95,608270,1035710.0,681.0,789.5,65,789.95,130,1365130.0,0.0,0.0,0.0,1.0,0.0,99.0
2026-06-16,23200.0,PE,NSE_FO|50566,23989.15,6.6456,0.05,76811345,6882915.0,3.2,0.0,0,0.05,520,7575100.0,0.0,0.0,0.0,0.0,500.0,0.0
2026-06-16,23250.0,CE,NSE_FO|50568,23989.15,19.6935,739.0,252720,210795.0,629.6,739.0,260,740.4,260,331045.0,0.0,0.0,0.0,1.0,0.0,99.0
2026-06-16,23250.0,PE,NSE_FO|50569,23989.15,19.6935,0.05,51449710,4151290.0,3.65,0.0,0,0.05,131235,3709030.0,0.0,0.0,0.0,0.0,500.0,0.0
2026-06-16,23300.0,CE,NSE_FO|50570,23989.15,4.2068,689.85,764725,1363635.0,575.55,689.0,195,689.9,1300,1657890.0,0.0,0.0,0.0,1.0,0.0,99.0
2026-06-16,23300.0,PE,NSE_FO|50571,23989.15,4.2068,0.05,83155605,5736575.0,4.25,0.0,0,0.05,55705,7566780.0,0.0,0.0,0.0,0.0,500.0,0.0
2026-06-16,23350.0,CE,NSE_FO|50572,23989.15,10.2096,640.7,391950,301990.0,531.6,640.0,130,640.7,260,380575.0,0.0,0.0,0.0,1.0,0.0,99.0
2026-06-16,23350.0,PE,NSE_FO|50573,23989.15,10.2096,0.05,63906440,3083210.0,4.95,0.0,0,0.05,189540,3667430.0,0.0,0.0,0.0,0.0,500.0,0.0
2026-06-16,23400.0,CE,NSE_FO|50574,23989.15,7.1555,590.9,1489865,1182675.0,478.25,590.0,65,590.45,520,1682005.0,0.0,0.0,0.0,1.0,0.0,99.0
2026-06-16,23400.0,PE,NSE_FO|50575,23989.15,7.1555,0.05,134353440,8462675.0,5.65,0.0,0,0.05,730145,8498100.0,0.0,0.0,0.0,0.0,500.0,0.0
2026-06-16,23450.0,CE,NSE_FO|50576,23989.15,8.2162,540.5,584090,437190.0,429.05,540.0,650,540.5,260,558285.0,0.0,0.0,0.0,1.0,0.0,99.0
2026-06-16,23450.0,PE,NSE_FO|50577,23989.15,8.2162,0.05,101119330,3592030.0,6.6,0.0,0,0.05,478465,4406805.0,0.0,0.0,0.0,0.0,500.0,0.0
2026-06-16,23500.0,CE,NSE_FO|50585,23989.15,7.2025,490.0,3447860,1292460.0,378.6,489.2,455,490.0,17810,2057445.0,0.0,0.0,0.0,1.0,0.0,99.0
2026-06-16,23500.0,PE,NSE_FO|50586,23989.15,7.2025,0.05,169068835,9308975.0,8.25,0.0,0,0.05,160745,10364640.0,0.0,0.0,0.0,0.0,500.0,0.0
2026-06-16,23550.0,CE,NSE_FO|50591,23989.15,7.261,440.05,1088750,485420.0,334.0,440.0,1040,440.05,260,608335.0,0.0,0.0,0.0,1.0,0.0,99.0
2026-06-16,23550.0,PE,NSE_FO|50592,23989.15,7.261,0.1,99565570,3524625.0,10.35,0.05,4875,0.1,219115,3135990.0,0.0,0.0,0.0,0.0,500.0,0.0
2026-06-16,23600.0,CE,NSE_FO|50593,23989.15,7.1565,390.3,5700890,769600.0,285.95,389.0,65,390.15,520,1220830.0,0.0,0.0,0.0,1.0,0.0,99.0
2026-06-16,23600.0,PE,NSE_FO|50594,23989.15,7.1565,0.1,168672725,5507645.0,13.75,0.05,1820,0.1,22620,7260240.0,0.0,0.0,0.0,0.0,500.0,0.0
2026-06-16,23650.0,CE,NSE_FO|50601,23989.15,18.4874,338.95,4814355,236730.0,241.05,339.2,65,339.65,260,489515.0,0.0,0.0,0.0,1.0,0.0,99.0
2026-06-16,23650.0,PE,NSE_FO|50602,23989.15,18.4874,0.1,181337130,4376515.0,18.95,0.05,169195,0.1,1170,3068520.0,0.0,0.0,0.0,0.0,500.0,0.0
2026-06-16,23700.0,CE,NSE_FO|50603,23989.15,11.1746,289.65,32831955,635375.0,199.75,289.0,1690,289.65,1040,1563900.0,0.0,0.0,0.0,1.0,0.0,99.0
2026-06-16,23700.0,PE,NSE_FO|50604,23989.15,11.1746,0.05,315866070,7100080.0,26.95,0.05,86060,0.1,10790,5682625.0,0.0,0.0,0.0,0.0,500.0,0.0
2026-06-16,23750.0,CE,NSE_FO|50605,23989.15,21.2658,239.1,36210785,315185.0,161.1,238.55,130,239.1,1170,911690.0,0.0,0.0,0.0,1.0,0.0,99.0
2026-06-16,23750.0,PE,NSE_FO|50606,23989.15,21.2658,0.1,386417590,6702670.0,38.3,0.05,48100,0.1,1430,3281460.0,0.0,0.0,0.0,0.0,0.0,0.0
2026-06-16,23800.0,CE,NSE_FO|50607,23989.15,7.2588,188.65,192298015,1170715.0,125.9,188.65,195,189.2,3575,3830450.0,0.0,0.0,0.0,1.0,0.0,99.0
2026-06-16,23800.0,PE,NSE_FO|50608,23989.15,7.2588,0.1,756349945,8498035.0,54.5,0.05,94445,0.1,14365,6715150.0,0.0,0.0,0.0,0.0,500.0,0.0
2026-06-16,23850.0,CE,NSE_FO|50609,23989.15,5.2297,139.2,324786410,1609595.0,97.3,138.75,8970,139.2,845,3372460.0,0.0,0.0,0.0,1.0,0.0,99.0
2026-06-16,23850.0,PE,NSE_FO|50610,23989.15,5.2297,0.05,1024263500,8417760.0,74.55,0.0,0,0.05,629785,3528330.0,0.0,0.0,0.0,0.0,500.0,0.0
2026-06-16,23900.0,CE,NSE_FO|50611,23989.15,3.4563,89.0,1174732325,5762705.0,74.2,89.0,43940,89.1,1300,9404135.0,0.0,0.0,0.0,1.0,0.0,99.0
2026-06-16,23900.0,PE,NSE_FO|50612,23989.15,3.4563,0.05,2213559400,19917690.0,99.4,0.0,0,0.05,3855930,4905420.0,0.0,-0.0111,0.0,0.0,500.0,0.0
2026-06-16,23950.0,CE,NSE_FO|50613,23989.15,3.7064,39.05,2013008595,8326630.0,54.5,39.05,64545,39.15,18720,7409610.0,0.0,0.0,0.0,1.0,0.0,99.0
2026-06-16,23950.0,PE,NSE_FO|50614,23989.15,3.7064,0.05,2254798845,30861935.0,130.8,0.0,0,0.05,8828495,2187445.0,0.0003,-10097.5562,0.0005,-0.0026,500.0,0.26
2026-06-16,24000.0,CE,NSE_FO|50615,23989.15,0.4677,0.05,3268862545,40040260.0,39.7,0.0,0,0.05,5268965,18472935.0,0.0003,-1225.6875,0.004,0.0026,62.5,0.24
2026-06-16,24000.0,PE,NSE_FO|50616,23989.15,0.4677,10.8,1533201085,18728320.0,165.0,10.8,28535,10.85,170690,4255550.0,0.0122,-577041.638,0.0197,-0.6128,609.38,39.33
2026-06-16,24050.0,CE,NSE_FO|50617,23989.15,0.2053,0.1,1375878075,11163880.0,28.55,0.05,2080,0.1,216320,5759195.0,0.0009,-50085.7032,0.0011,0.0102,750.0,1.0
2026-06-16,24050.0,PE,NSE_FO|50618,23989.15,0.2053,60.65,270496525,2291445.0,203.65,60.65,130,60.85,2600,398125.0,0.0,0.0,0.0,-1.0,0.0,0.0
2026-06-16,24100.0,CE,NSE_FO|50619,23989.15,0.1273,0.05,833529515,9771905.0,20.8,0.0,0,0.05,549120,7648875.0,0.0,-0.0002,0.0,0.0,500.0,0.0
2026-06-16,24100.0,PE,NSE_FO|50620,23989.15,0.1273,110.5,129311910,1243970.0,243.9,110.5,11375,110.8,1560,488930.0,0.0,0.0,0.0,-1.0,0.0,0.0
2026-06-16,24150.0,CE,NSE_FO|50621,23989.15,0.0308,0.05,485346485,7260695.0,15.2,0.0,0,0.05,457470,4242030.0,0.0,0.0,0.0,0.0,500.0,0.0
2026-06-16,24150.0,PE,NSE_FO|50624,23989.15,0.0308,160.45,23762180,223730.0,288.4,160.45,195,160.85,1755,84500.0,0.0,0.0,0.0,-1.0,0.0,0.0
2026-06-16,24200.0,CE,NSE_FO|50637,23989.15,0.0395,0.05,433103645,8909485.0,11.35,0.0,0,0.05,383955,8758490.0,0.0,0.0,0.0,0.0,500.0,0.0
2026-06-16,24200.0,PE,NSE_FO|50638,23989.15,0.0395,210.45,24223225,351715.0,338.05,210.5,130,210.7,195,187915.0,0.0,0.0,0.0,-1.0,0.0,0.0
2026-06-16,24250.0,CE,NSE_FO|50639,23989.15,0.0145,0.05,151455980,4852575.0,8.45,0.0,0,0.05,506805,3467555.0,0.0,0.0,0.0,0.0,500.0,0.0
2026-06-16,24250.0,PE,NSE_FO|50640,23989.15,0.0145,260.15,2747030,70330.0,382.25,260.1,130,260.75,1170,43355.0,0.0,0.0,0.0,-1.0,0.0,0.0
2026-06-16,24300.0,CE,NSE_FO|50641,23989.15,0.0186,0.05,159351400,7558070.0,6.55,0.0,0,0.05,19240,7418125.0,0.0,-0.0057,0.0,0.0,500.0,0.0
2026-06-16,24300.0,PE,NSE_FO|50642,23989.15,0.0186,310.0,4075565,140725.0,436.0,309.95,1300,310.5,975,108160.0,0.0,0.0,0.0,-1.0,0.0,0.0
2026-06-16,24350.0,CE,NSE_FO|50643,23989.15,0.0106,0.05,69789005,3672565.0,5.35,0.0,0,0.05,77090,3345225.0,0.0,-0.4987,0.0,0.0,500.0,0.0
2026-06-16,24350.0,PE,NSE_FO|50644,23989.15,0.0106,359.95,447915,39065.0,482.85,359.9,260,360.65,845,16770.0,0.0,0.0,0.0,-1.0,0.0,0.0
2026-06-16,24400.0,CE,NSE_FO|50645,23989.15,0.0089,0.05,113711845,5890820.0,4.4,0.0,0,0.05,621790,5786690.0,0.0,0.0,0.0,0.0,500.0,0.0
2026-06-16,24400.0,PE,NSE_FO|50646,23989.15,0.0089,410.0,639340,52325.0,530.35,409.95,260,410.55,260,36855.0,0.0,0.0,0.0,-1.0,0.0,0.0
2026-06-16,24450.0,CE,NSE_FO|50647,23989.15,0.0066,0.05,83524285,3377790.0,3.85,0.0,0,0.05,375375,2997865.0,0.0,-0.0002,0.0,0.0,500.0,0.0
2026-06-16,24450.0,PE,NSE_FO|50648,23989.15,0.0066,461.8,107510,22295.0,574.25,459.9,130,461.6,65,14690.0,0.0,0.0,0.0,-1.0,0.0,0.0
2026-06-16,24500.0,CE,NSE_FO|50649,23989.15,0.0039,0.05,122645445,10906090.0,3.25,0.0,0,0.05,418925,10626200.0,0.0,0.0,0.0,0.0,500.0,0.0
2026-06-16,24500.0,PE,NSE_FO|50650,23989.15,0.0039,508.15,752050,42250.0,627.95,509.55,1300,511.1,650,144495.0,0.0,0.0,0.0,-1.0,0.0,0.0
2026-06-16,24550.0,CE,NSE_FO|50651,23989.15,0.0073,0.05,34844355,1684800.0,2.8,0.0,0,0.05,239135,2126475.0,0.0,0.0,0.0,0.0,500.0,0.0
2026-06-16,24550.0,PE,NSE_FO|50652,23989.15,0.0073,562.15,48165,12220.0,675.95,560.2,780,562.35,65,3055.0,0.0,0.0,0.0,-1.0,0.0,0.0
2026-06-16,24600.0,CE,NSE_FO|50655,23989.15,0.0023,0.05,58410690,5469425.0,2.55,0.0,0,0.05,1728220,6563180.0,0.0,0.0,0.0,0.0,500.0,0.0
2026-06-16,24600.0,PE,NSE_FO|50656,23989.15,0.0023,609.3,67600,12610.0,723.1,609.35,910,611.0,520,10855.0,0.0,0.0,0.0,-1.0,0.0,0.0
2026-06-16,24650.0,CE,NSE_FO|50657,23989.15,0.0024,0.05,40595230,2437305.0,2.25,0.0,0,0.05,630825,2456415.0,0.0,0.0,0.0,0.0,500.0,0.0
2026-06-16,24650.0,PE,NSE_FO|50658,23989.15,0.0024,661.75,26650,5850.0,768.1,659.3,130,662.4,65,1755.0,0.0,0.0,0.0,-1.0,0.0,0.0
2026-06-16,24700.0,CE,NSE_FO|50659,23989.15,0.0014,0.05,59767695,4915755.0,2.05,0.0,0,0.05,177515,5535010.0,0.0,0.0,0.0,0.0,500.0,0.0
2026-06-16,24700.0,PE,NSE_FO|50662,23989.15,0.0014,709.3,20800,6890.0,828.3,709.25,130,711.2,130,3770.0,0.0,0.0,0.0,-1.0,0.0,0.0
2026-06-16,24750.0,CE,NSE_FO|50667,23989.15,0.0028,0.05,19175715,1442675.0,1.95,0.0,0,0.05,261820,1496950.0,0.0,0.0,0.0,0.0,500.0,0.0
2026-06-16,24750.0,PE,NSE_FO|50668,23989.15,0.0028,761.6,11505,4095.0,886.5,759.3,130,761.8,260,910.0,0.0,0.0,0.0,-1.0,0.0,0.0
2026-06-16,24800.0,CE,NSE_FO|50669,23989.15,0.0022,0.05,49793835,5681715.0,1.8,0.0,0,0.05,764205,5423080.0,0.0,0.0,0.0,0.0,500.0,0.0
2026-06-16,24800.0,PE,NSE_FO|50670,23989.15,0.0022,811.3,26325,12545.0,920.75,808.95,1300,811.2,130,13845.0,0.0,0.0,0.0,-1.0,0.0,0.0
2026-06-16,24850.0,CE,NSE_FO|50674,23989.15,0.001,0.05,10405265,1122550.0,1.7,0.0,0,0.05,121940,1261715.0,0.0,0.0,0.0,0.0,500.0,0.0
2026-06-16,24850.0,PE,NSE_FO|50675,23989.15,0.001,860.9,6565,1105.0,975.9,858.8,130,862.85,65,195.0,0.0,0.0,0.0,-1.0,0.0,0.0
2026-06-16,24900.0,CE,NSE_FO|50679,23989.15,0.0004,0.05,39165815,4461600.0,1.55,0.0,0,0.05,134095,3106740.0,0.0,0.0,0.0,0.0,500.0,0.0
2026-06-16,24900.0,PE,NSE_FO|50680,23989.15,0.0004,909.45,16640,1950.0,1016.4,909.15,130,912.35,65,8775.0,0.0,0.0,0.0,-1.0,0.0,0.0
2026-06-16,24950.0,CE,NSE_FO|50681,23989.15,0.0007,0.05,12599860,1462435.0,1.5,0.0,0,0.05,369135,774670.0,0.0,0.0,0.0,0.0,500.0,0.0
2026-06-16,24950.0,PE,NSE_FO|50682,23989.15,0.0007,961.05,4810,975.0,1038.0,958.05,195,963.1,65,260.0,0.0,0.0,0.0,-1.0,0.0,0.0
2026-06-16,25000.0,CE,NSE_FO|50684,23989.15,0.0027,0.05,71051630,7910955.0,1.3,0.0,0,0.05,483665,10457005.0,0.0,0.0,0.0,0.0,500.0,0.0
2026-06-16,25000.0,PE,NSE_FO|50685,23989.15,0.0027,1012.5,146510,21060.0,1128.3,1010.75,325,1012.5,390,120120.0,0.0,0.0,0.0,-1.0,0.0,0.0
2026-06-16,25050.0,CE,NSE_FO|50690,23989.15,0.0022,0.05,6556030,871845.0,1.25,0.0,0,0.05,208715,1142180.0,0.0,0.0,0.0,0.0,500.0,0.0
2026-06-16,25050.0,PE,NSE_FO|50691,23989.15,0.0022,1170.0,0,1950.0,1170.0,1055.6,17550,1098.25,780,1755.0,0.0,0.0,0.0,-1.0,0.0,0.0
2026-06-16,25100.0,CE,NSE_FO|50693,23989.15,0.0003,0.05,11703900,1699165.0,1.15,0.0,0,0.05,306410,1950910.0,0.0,0.0,0.0,0.0,500.0,0.0
2026-06-16,25100.0,PE,NSE_FO|50694,23989.15,0.0003,1112.0,650,520.0,1187.0,1108.45,65,1113.35,650,650.0,0.0,0.0,0.0,-1.0,0.0,0.0
2026-06-16,25150.0,CE,NSE_FO|50695,23989.15,0.0011,0.05,3971890,350415.0,1.1,0.0,0,0.05,71695,565175.0,0.0,0.0,0.0,0.0,500.0,0.0
2026-06-16,25150.0,PE,NSE_FO|50696,23989.15,0.0011,1165.6,910,390.0,1310.0,1157.2,130,1163.95,65,130.0,0.0,0.0,0.0,-1.0,0.0,0.0
2026-06-16,25200.0,CE,NSE_FO|50700,23989.15,0.0012,0.05,11290045,2111070.0,1.05,0.0,0,0.05,126295,3566160.0,0.0,0.0,0.0,0.0,500.0,0.0
2026-06-16,25200.0,PE,NSE_FO|50703,23989.15,0.0012,1211.45,5655,2470.0,1335.85,1208.0,130,1214.25,65,5005.0,0.0,0.0,0.0,-1.0,0.0,0.0
2026-06-16,25250.0,CE,NSE_FO|50704,23989.15,0.0002,0.05,4011605,350025.0,0.95,0.0,0,0.05,12155,744640.0,0.0,0.0,0.0,0.0,500.0,0.0
2026-06-16,25250.0,PE,NSE_FO|50705,23989.15,0.0002,1729.8,0,65.0,1735.3,1254.35,130,1297.25,780,65.0,0.0,0.0,0.0,-1.0,0.0,0.0
2026-06-16,25300.0,CE,NSE_FO|50706,23989.15,0.0004,0.05,5387720,792285.0,0.9,0.0,0,0.05,2665,1606215.0,0.0,0.0,0.0,0.0,500.0,0.0
2026-06-16,25300.0,PE,NSE_FO|50707,23989.15,0.0004,1314.25,520,325.0,1378.3,1307.75,390,1314.25,65,520.0,0.0,0.0,0.0,-1.0,0.0,0.0
2026-06-16,25350.0,CE,NSE_FO|50708,23989.15,0.0021,0.05,2101255,272675.0,0.9,0.0,0,0.05,13585,450450.0,0.0,0.0,0.0,0.0,500.0,0.0
2026-06-16,25350.0,PE,NSE_FO|50710,23989.15,0.0021,1457.0,0,585.0,1457.0,1355.05,130,1398.8,780,65.0,0.0,0.0,0.0,-1.0,0.0,0.0
2026-06-16,25400.0,CE,NSE_FO|50711,23989.15,0.0051,0.05,4511000,540345.0,0.9,0.0,0,0.05,20215,966745.0,0.0,0.0,0.0,0.0,500.0,0.0
2026-06-16,25400.0,PE,NSE_FO|50712,23989.15,0.0051,1423.9,2145,2730.0,1490.0,1406.6,260,1414.85,260,3380.0,0.0,0.0,0.0,-1.0,0.0,0.0
2026-06-16,25450.0,CE,NSE_FO|50714,23989.15,0.0001,0.05,3938220,504660.0,0.8,0.0,0,0.05,5005,351780.0,0.0,0.0,0.0,0.0,500.0,0.0
2026-06-16,25450.0,PE,NSE_FO|50715,23989.15,0.0001,2170.0,0,65.0,2170.0,1453.8,130,1500.3,780,65.0,0.0,0.0,0.0,-1.0,0.0,0.0
2026-06-16,25500.0,CE,NSE_FO|50716,23989.15,0.0035,0.05,16298295,2551575.0,0.8,0.0,0,0.05,97695,3455530.0,0.0,0.0,0.0,0.0,500.0,0.0
2026-06-16,25500.0,PE,NSE_FO|50717,23989.15,0.0035,1512.65,24440,8970.0,1637.85,1508.25,65,1512.6,260,23075.0,0.0,0.0,0.0,-1.0,0.0,0.0
2026-06-16,25550.0,CE,NSE_FO|50719,23989.15,0.002,0.05,1065415,259350.0,0.7,0.0,0,0.05,6695,334165.0,0.0,0.0,0.0,0.0,500.0,0.0
2026-06-16,25550.0,PE,NSE_FO|50720,23989.15,0.002,1645.0,0,520.0,1645.0,1552.9,130,1611.1,780,65.0,0.0,0.0,0.0,-1.0,0.0,0.0
2026-06-16,25600.0,CE,NSE_FO|50727,23989.15,0.0016,0.05,3168100,605215.0,0.7,0.0,0,0.05,15925,786890.0,0.0,0.0,0.0,0.0,500.0,0.0
2026-06-16,25600.0,PE,NSE_FO|50728,23989.15,0.0016,1631.7,0,975.0,1631.7,1603.3,130,1665.85,780,910.0,0.0,0.0,0.0,-1.0,0.0,0.0
2026-06-16,25650.0,CE,NSE_FO|50729,23989.15,0.0074,0.05,562705,78650.0,0.75,0.0,0,0.1,325,102180.0,0.0,0.0,0.0,0.0,500.0,0.0
2026-06-16,25650.0,PE,NSE_FO|50730,23989.15,0.0074,1722.0,0,585.0,1722.0,1652.9,130,1758.4,1690,65.0,0.0,0.0,0.0,-1.0,0.0,0.0
2026-06-16,25700.0,CE,NSE_FO|50731,23989.15,0.0006,0.05,1636115,213460.0,0.65,0.0,0,0.1,5525,445185.0,0.0,0.0,0.0,0.0,500.0,0.0
2026-06-16,25700.0,PE,NSE_FO|50733,23989.15,0.0006,1775.0,195,130.0,2445.0,1703.2,130,1756.35,130,195.0,0.0,0.0,0.0,-1.0,0.0,0.0
2026-06-16,25750.0,CE,NSE_FO|50734,23989.15,0.0006,0.05,677690,108290.0,0.65,0.0,0,0.05,195,114075.0,0.0,0.0,0.0,0.0,500.0,0.0
2026-06-16,25750.0,PE,NSE_FO|50736,23989.15,0.0006,2212.85,0,65.0,2222.7,1752.45,130,1808.7,780,65.0,0.0,0.0,0.0,-1.0,0.0,0.0
2026-06-16,25800.0,CE,NSE_FO|50737,23989.15,0.0018,0.05,1369420,181610.0,0.65,0.0,0,0.05,8385,278980.0,0.0,0.0,0.0,0.0,500.0,0.0
2026-06-16,25800.0,PE,NSE_FO|50738,23989.15,0.0018,1850.0,650,325.0,1840.0,1803.25,130,1815.9,130,585.0,0.0,0.0,0.0,-1.0,0.0,0.0
2026-06-16,25850.0,CE,NSE_FO|50739,23989.15,0.0028,0.05,472225,92755.0,0.65,0.0,0,0.05,390,105235.0,0.0,0.0,0.0,0.0,500.0,0.0
2026-06-16,25850.0,PE,NSE_FO|50740,23989.15,0.0028,1921.0,260,260.0,2357.45,1853.2,130,1913.9,130,260.0,0.0,0.0,0.0,-1.0,0.0,0.0
2026-06-16,25900.0,CE,NSE_FO|50741,23989.15,0.0006,0.05,1320345,203060.0,0.65,0.0,0,0.05,3705,272155.0,0.0,0.0,0.0,0.0,500.0,0.0
2026-06-16,25900.0,PE,NSE_FO|50742,23989.15,0.0006,2760.0,0,130.0,2760.0,1903.3,130,1955.7,780,65.0,0.0,0.0,0.0,-1.0,0.0,0.0
2026-06-16,25950.0,CE,NSE_FO|50743,23989.15,0.0033,0.05,664430,118040.0,0.6,0.0,0,0.05,2340,171730.0,0.0,0.0,0.0,0.0,500.0,0.0
2026-06-16,25950.0,PE,NSE_FO|50744,23989.15,0.0033,2489.65,0,390.0,2489.65,1953.2,130,2010.15,780,195.0,0.0,0.0,0.0,-1.0,0.0,0.0
2026-06-16,26000.0,CE,NSE_FO|50745,23989.15,0.012,0.05,4539275,729495.0,0.6,0.0,0,0.05,24505,1258725.0,0.0,0.0,0.0,0.0,500.0,0.0
2026-06-16,26000.0,PE,NSE_FO|50746,23989.15,0.012,2015.55,26845,8775.0,2116.3,2007.7,130,2015.65,260,27950.0,0.0,0.0,0.0,-1.0,0.0,0.0
2026-06-16,26050.0,CE,NSE_FO|50750,23989.15,0.0006,0.05,481390,104585.0,0.6,0.0,0,0.05,520,194610.0,0.0,0.0,0.0,0.0,500.0,0.0
2026-06-16,26050.0,PE,NSE_FO|50751,23989.15,0.0006,2528.7,0,65.0,2534.95,2040.75,130,2112.55,780,65.0,0.0,0.0,0.0,-1.0,0.0,0.0
2026-06-16,26100.0,CE,NSE_FO|50754,23989.15,0.0019,0.05,2655380,440050.0,0.55,0.0,0,0.05,14755,840125.0,0.0,0.0,0.0,0.0,500.0,0.0
2026-06-16,26100.0,PE,NSE_FO|50759,23989.15,0.0019,2120.0,1365,845.0,2243.4,2106.45,130,2116.2,260,1495.0,0.0,0.0,0.0,-1.0,0.0,0.0
2026-06-16,26150.0,CE,NSE_FO|50760,23989.15,0.0,0.05,87230,21190.0,0.5,0.0,0,0.05,2015,0.0,0.0,0.0,0.0,0.0,500.0,0.0
2026-06-16,26150.0,PE,NSE_FO|50761,23989.15,0.0,0.0,0,0.0,2635.9,2111.5,780,2219.25,780,0.0,0.0,0.0,0.0,-1.0,0.0,99.0
2026-06-16,26200.0,CE,NSE_FO|50762,23989.15,0.0,0.05,220740,64870.0,0.55,0.0,0,0.05,1040,0.0,0.0,0.0,0.0,0.0,500.0,0.0
2026-06-16,26200.0,PE,NSE_FO|50763,23989.15,0.0,0.0,0,0.0,2684.45,2160.0,780,2265.35,780,0.0,0.0,0.0,0.0,-1.0,0.0,99.0
2026-06-16,26250.0,CE,NSE_FO|50767,23989.15,0.0,0.05,206050,60255.0,0.45,0.05,1170,0.1,6500,0.0,0.0,0.0,0.0,0.0,500.0,0.0
2026-06-16,26250.0,PE,NSE_FO|50768,23989.15,0.0,0.0,0,0.0,2733.15,2212.45,780,2320.15,780,0.0,0.0,0.0,0.0,-1.0,0.0,99.0
2026-06-16,26300.0,CE,NSE_FO|50769,23989.15,0.0,0.05,1179945,239070.0,0.4,0.0,0,0.05,2730,0.0,0.0,0.0,0.0,0.0,500.0,0.0
2026-06-16,26300.0,PE,NSE_FO|50770,23989.15,0.0,0.0,0,0.0,2781.9,2265.95,780,2369.75,780,0.0,0.0,0.0,0.0,-1.0,0.0,99.0
